書名,ISBN,適合對像
我變成一隻噴火龍了！,9789869261456,國小低年級
雲上的阿里,9789869421522,國小低年級
命運書,9789867295682,國小低年級
一個愛建築的男孩  ,9789867295583,國小低年級
媽媽真的不知道嗎？,9789867295781,國小低年級
動物奧運會,9789862115244,國小低年級
一隻有教養的狼,9572089749,國小低年級
曾曾祖父106歲,9867188004,國小低年級
敲打夢想的女孩：一個女孩的勇氣改變了音樂,9789869343220,國小低年級
用點心學校1：用點心學校,9789864796397,國小低年級
我也想說實話啊,9789863427575,國小低年級
一顆橡實,9789864793839,國小低年級
下雪日的約定,9789865730307,國小低年級
印度豹大拍賣,9789866215711,國小低年級
我也會！小學生的物品使用圖鑑,9789862037751,國小低年級
我才不要捲捲頭！,9789862743737,國小低年級
我吃拉麵的時候......,9789573265795,國小低年級
我有理由,9789869292092,國小低年級
野狼的肚子我的家,9789864401864,國小低年級
菲力的17種情緒,9789866215308,國小低年級
超人兄弟--不跟別人比，當個出色的自己！,9789571197326,國小低年級
頑固的鱷魚奶奶,9789573274544,國小低年級
西雅圖酋長的宣言,9789864402472,國小低年級
來畫一棵神奇的樹,9789575749989,國小低年級
老婆婆的種子,9789861614533,國小低年級
好心的小糞金龜,9789865664176,國小低年級
和平樹：一則來自非洲的真實故事,9789862117668,國小低年級
看地圖認識全世界,9789866310744,國小低年級
世界中的孩子系列1-4：一起認識影響全球的關鍵議題,4717211023891,國小低年級
爺爺的花園,9789869674430,國小低年級
嗯嗯太郎──便便觀察繪本集：《嗯嗯太郎》,9789862112823,國小低年級
你很特別,9789570368246,國小低年級
屁屁超人(新版),9789579095082,國小低年級
小熊寬寬與魔法提琴1：顛倒巫婆大作戰,9789575034399,國小低年級
遊樂園今天不開門(平裝),9789862166970,國小低年級
我家系列2：我家有個花果菜園,9789869526753,國小低年級
怪傑佐羅力之命運倒數計時,9789862417041,國小低年級
世界上最棒的葬禮,9789864797882,國小低年級
短耳兔考0分,9789862413630,國小低年級
我不喜歡你這樣對我！,9789866407659,國小低年級
家有生氣小恐龍,9572958976,國小低年級
不讓媽媽親親,9789864271801,國小低年級
聽說，月亮有一個書房,9789575749903,國小低年級
獅子補習班,9789866215667,國小低年級
再見了！變成鬼的媽媽,9789869383417,國小低年級
城市裡的提琴手,9789864402526,國小低年級
壞種子,9789861898513,國小低年級
信小弟的大冒險,9789863382362,國小低年級
我的媽媽真麻煩,9789573278573,國小低年級
大鬼小鬼圖書館（二版）,9789862115398,國小低年級
媽媽爸爸不住一起了,9573236664,國小低年級
今天運氣怎麼這麼好,9789862117934,國小低年級
公園裡有一首詩,9789866215728,國小低年級
爺爺的天堂島,9789869354998,國小低年級
圖畫在說悄悄話,9789864792832,國小低年級
林良爺爺的700字故事,9789577515797,國小低年級
鼠小弟的鬆餅派對,9789862114438,國小低年級
語言圖鑑1：各式各樣的名字,9577623468,國小低年級
爺爺一定有辦法,9789577626042,國小低年級
動物眼中的世界,9789577625731,國小低年級
團圓,9789861612478,國小低年級
啊！別進我房間,9789573254263,國小低年級
來幫動物量體重,9789864401192,國小低年級
歡迎光臨我的展覽,9789864793358,國小低年級
隨光轉動：亨利・馬諦斯的虹彩之舞,9789864402427,國小低年級
那天來的鯨魚回來了,9789865876760,國小低年級
最喜歡媽媽了,9789862116517,國小低年級
世界上最美麗的村子,9789862110676,國小低年級
喀嚓喀嚓 理髮師花椰菜先生,9789579077279,國小低年級
蛀牙蟲家族大搬家,9789578640719,國小低年級
大排長龍的螞蟻蛋糕店,9789864420926,國小低年級
企鵝旅館,9789866215872,國小低年級
好忙的除夕,9789861615929,國小低年級
小桃妹,9789861615387,國小低年級
小房子烏比,9789861615998,國小低年級
優良蛋,9789861899084,國小低年級
煙囪的故事,9789864402717,國小低年級
幸福的狐狸,9789869694162,國小低年級
豆腐,9789861898629,國小低年級
雪中遇見狼,9789861898612,國小低年級
動物選總統,9789577626660,國小低年級
我的火星探險,9789866215650,國小低年級
森林裡的小松鼠：春天來了,9789864798773,國小低年級
去投票吧！：做出選擇，創造改變,9789575035174,國小低年級
媽媽是一朵雲,9789869743754,國小低年級
愛身體保護自己繪本3：我不會跟別人走！,9789864272884,國小低年級
這是哪一國小朋友的腳呢？,9789579125420,國小低年級
我的小小世界,9789866215810,國小低年級
我是故事,9789866215834,國小低年級
阿茲海默先生,9789862486214,國小低年級
打倒野狼大作戰,9789865876739,國小低年級
你離我太近了，請給我一點空間,9789579125413,國小低年級
我的第一套食育安全知識繪本1：甜滋滋的糖沒有告訴你的祕密,9789575034825,國小低年級
昆蟲在排什麼呢？,9789862118825,國小低年級
樓上外婆和樓下外婆,9789864402687,國小低年級
我的美術館,9789869685139,國小低年級
狐狸忘記了,9789862119150,國小低年級
妖怪爸爸出差去,9789862744505,國小低年級
好品格童話7：小鱷魚別開門,9789864798070,國小低年級
圖解餐桌禮儀繪本,9789869791687,國小低年級
魔法糖果,9789864403011,國小低年級
車站老鼠,9789579529143,國小低年級
肥皂超人 出擊！,9789575033514,國小低年級
玩具診所開門了！,9789864793440,國小低年級
蛋頭先生不怕了,9789864797967,國小低年級
小睡鼠有七張床,9789863382744,國小低年級
挖土機與小花,9789869674744,國小低年級
千千萬萬個聖誕老公公,9789863843931,國小低年級
"瘋狂的一天：JUNE 29, 1999",9789861898636,國小低年級
公主也會放屁,9789866215858,國小低年級
沒關係，沒關係,9789575036317,國小低年級
把帽子還給我,9789862112915,國小低年級
跟著動物醫生過一天,9789862113295,國小低年級
小小國王,9789862119471,國小低年級
哈洛史尼普波特前所未有最好的災難,9789865876708,國小低年級
一起去海邊玩！,9789864402793,國小低年級
到部落共餐,9789869690065,國小低年級
好累、好餓，超好玩的旅行,9789579125314,國小低年級
到底在排什麼呢？,9789862118924,國小低年級
小月亮：第一本用故事介紹宇宙的科學知識繪本,9789576580888,國小低年級
我爸爸的工作是大壞蛋,9789579077439,國小低年級
小老鼠大勇氣,9789864272754,國小低年級
打氣粥,9789869690041,國小低年級
小斑長得不一樣：小馬來貘的神奇偽裝術,9789571465579,國小低年級
再來一次，我贊成！,9789862118672,國小低年級
牙齒獵人,9789579125215,國小低年級
左先生與右先生,9789571463865,國小低年級
「不關我的事」的後果,9789869570176,國小低年級
我們都是奇蹟男孩,9789869486163,國小低年級
這也太奇怪了吧,9789579077651,國小低年級
我和我的情緒,9789864272914,國小低年級
爸爸去哪裡？,9789570853254,國小低年級
巴黎的獅子,9789866215865,國小低年級
暴龍時光機,9789575036928,國小低年級
富蘭克林闖進童話書,9789863382805,國小低年級
富蘭克林的飛天書店,9789863382041,國小低年級
被貼標籤的鱷魚,9789575213688,國小低年級
幫爺爺找一找,9789864798384,國小低年級
亂糟糟小屋,9789577626349,國小低年級
好多好多的魚,9789578722682,國小低年級
一定是貓做的!,9789579380300,國小低年級
送報男孩,9789862941508,國小低年級
誕生樹,978982112779,國小低年級
是誰在洞裡啊?,9789579380454,國小低年級
太多胡蘿蔔了,9789869481373,國小低年級
神奇理髮師,9789865641290,國小低年級
歡喜巫婆之剛好有雜貨店,9789865988104,國小低年級
主角不是獅子,9789865664466,國小低年級
動物園有小偷,9789576084928,國小低年級
最熱烈的掌聲,9789862118184,國小低年級
小蝌,9789864402762,國小低年級
胖鶴丹丹出奇招,9789865641283,國小低年級
熊熊睡不著,9789866544392,國小低年級
餃子,9789861897998,國小低年級
石頭湯,9789862114155,國小低年級
外婆住在香水村,9789573280002,國小低年級
我們班的新同學 斑傑明．馬利,9789575037581,國小低年級
河馬波波屁股大,9789866215469,國小低年級
時鐘國王,9789869354134,國小低年級
愛遲到的布穀鳥,9789868750357,國小低年級
地震了！這個時候該怎麼辦？,9789868794214,國小低年級
最棒的禮物,9789575034382,國小低年級
外公，回憶要怎麼製造,9789579125024,國小低年級
東88街上的那棟房子,9789865876692,國小低年級
薩琪不想當空中小姐,9789866215483,國小低年級
九色鹿,9789869433723,國小低年級
森林裡的起司村,9789864790845,國小低年級
小米有個小袋子,9789862113134,國小低年級
朱瑞福的游泳課,9789579095914,國小低年級
一起幫忙蓋房子！,9789864270170,國小低年級
帶來幸福的酢漿草,9789862115565,國小低年級
哇，有顆蘋果！,9789864270484,國小低年級
我的百變馬桶,9789865811983,國小低年級
白熊鞋店,9789864400409,國小低年級
葫蘆塘的下午,9789869413152,國小低年級
活力充沛的麵包店小六,9789864403042,國小低年級
神奇飛天書,9789863200802,國小低年級
天空的顏色,9789869318013,國小低年級
我才沒有迷路,9789577626806,國小低年級
你在想什麼,9789869343893,國小低年級
公園裡的小妖怪：隱形尿尿小童,9789576582141,國小低年級
真的!這裡沒有鱷魚,9789575214746,國小低年級
我有好多話要「說」！,9789869593205,國小低年級
我有兩個家,9789862111307,國小低年級
熊爸爸去另一個城市工作,9789869951333,國小低年級
我是獨特的,9789862116425,國小低年級
魔法小象找朋友,9789867107336,國小低年級
好煩好煩的小企鵝,9789865730857,國小低年級
無敵懶惰蟲,9789867107701,國小低年級
候鳥的世界,9789573280606,國小低年級
哇！公園有鷹,9789862744345,國小低年級
我家在海邊,9789864796632,國小低年級
什麼讓我們快樂,9789861898452,國小低年級
是誰搶走了我的名字？,9789864796571,國小低年級
我的獵人爺爺──達駭黑熊,9789865416317,國小低年級
蠑螈與壁虎：有點像又有點不一樣,9789862119143,國小低年級
深夜裡的鐵道英雄,9789863382539,國小低年級
我才不要剪頭髮,9789869743730,國小低年級
迷路的蛋,9789861899329,國小低年級
小老鼠別鬧了,9789863382195,國小低年級
回到世界上最美麗的村子,9789862118078,國小低年級
肚子鬧鐘咕嚕咕嚕叫開動囉,9789578842137,國小低年級
時間長或短?,9789864490929,國小低年級
誰要零鴨蛋,9789861615851,國小低年級
橙瓢蟲找新家,9789862119815,國小低年級
學思達小學堂5： 快一點慢一點,9789575030308,國小低年級
花園街10號：分享來自世界各地的美味,9789866215940,國小低年級
爺爺的神祕巨人,9789571462936,國小低年級
小鱷魚，最怕水,9789861895772,國小低年級
青蛙會喝熱可可嗎？：動物的保暖密技大公開,9789571466286,國小低年級
青蛙出門去,9789864000500,國小低年級
新鄰居，你好？！,9789869420242,國小低年級
蕭邦就是這樣長大的!,9789864491414,國小低年級
我出生的這一天,9789864403691 ,國小低年級
森林包包店,9789863383864 ,國小低年級
藍色小屋,9789860645125 ,國小低年級
神奇行李箱,9789865251635 ,國小低年級
我的朋友阿米娜,9789865504502 ,國小低年級
我會好好照顧你,9786267038062 ,國小低年級
魔法的夏天,9789863207269 ,國小低年級
我們的城市英雄,9789573292234 ,國小低年級
那間慢吞吞的店,9789579047623 ,國小低年級
時光小學二：我的便利貼媽媽,9789577518651 ,國小低年級
我種了高麗菜,9789863206248 ,國小低年級
慢吞吞的樹懶,9789862123973 ,國小低年級
好好照顧蜘蛛,9786269500727 ,國小低年級
河馬媽媽分鬆餅,9789863384052 ,國小低年級
刺蝟醫生,9789864421671 ,國小低年級
馬戲團來到我的村子,9789865513061 ,國小低年級
我的阿嬤媽媽,9789571468136 ,國小低年級
阿英的冬至,9789578602793 ,國小低年級
企鵝演奏會,9789861616360 ,國小低年級
穿著小黃鞋的狗──我很喜歡，為什麼不能帶回家？,9789860681567 ,國小低年級
這是誰的內褲？,9789862745410 ,國小低年級
變色龍的刨冰店,9789862745465 ,國小低年級
最棒的樹,9789862745588 ,國小低年級
小鳥和鱷魚,9789861616575 ,國小低年級
不一樣的1,9789861616551 ,國小低年級
我的超級好朋友,9789571469645 ,國小低年級
翠翠掉下去了！,9789571471983 ,國小低年級
巴布的藝術大戰！,9789571471631 ,國小低年級
荷蘭阿克馬起司市場,9789570861457 ,國小低年級
我們的星期六,9789865251284 ,國小低年級
一起玩，聽誰的？,9789860784015 ,國小低年級
微光小鎮，圍牆不見了,9789865505455 ,國小低年級
乳香樹天空：認識公平貿易,9789861899824 ,國小低年級
爸爸的祕密基地,9789864797714 ,國小低年級
國王的洗澡水,9789864294374 ,國小低年級
我可以加入你的俱樂部嗎?,9789865876395 ,國小低年級
爸爸的開學日,9789864403936 ,國小低年級
繪本作家進教室說故事,9789865570002 ,國小低年級
世界上最大的房子,9789579380997 ,國小低年級
巴司計畫,9789865576233 ,國小低年級
誰寫的情書？,9789869987509 ,國小低年級
一起擊敗諾羅病毒，守護健康！,9789865071424 ,國小低年級
1、2、3，上學去！,9789865251970 ,國小低年級
阿祖，再見,9789865253257 ,國小低年級
沒有名字的貓,9789863383857 ,國小低年級
如果愛是一隻貓,9789571471495 ,國小低年級
小豆子的繪畫學校,9789571472935 ,國小低年級
紅樹林真好玩,9789865253653 ,國小低年級
小小建築師：童話裡的建築大師,9789865072698 ,國小低年級
蟲蟲週刊特別報導 蝸牛哪裡去了？,9789865250553 ,國小低年級
藏在水裡的科學,9789863384335 ,國小低年級
請把燈關了,9789863598855 ,國小低年級
動物偽裝大師 :是誰躲在裡面? ,9789577627124 ,國小低年級
哥哥和妹妹吵架了,9789865570408 ,國小低年級
啊啊啊！,9789869987561 ,國小低年級
嚇！海底神祕事件,9789863383871 ,國小低年級
大象的小島,9789862745557 ,國小低年級
小紅，不一樣,9789865257675 ,國小低年級
天上掉下來的石頭,9786263050006 ,國小低年級
100顆種子,9786267043318 ,國小低年級
你好!我的畫,9786267031018 ,國小低年級
看我多麼勇敢,9789864272969 ,國小低年級
今天的我可以去到任何地方,9789860689532 ,國小低年級
樵夫的大鬍子,9789864272341 ,國小低年級
你是媽媽眼中獨一無二的孩子,9789579125437 ,國小低年級
畢奶奶和她的大象,9789571468518 ,國小低年級
從音符看見自己,9789865576240 ,國小低年級
我的新鄰居,9789865252564 ,國小低年級
我是藝術家,9789862115183 ,國小低年級
我們去釣魚,9789862113325 ,國小低年級
哇！貓頭鷹說,9789865513771 ,國小低年級
孫小空72變,9789869225984 ,國小低年級
亮晶晶妖怪,9789862117538 ,國小低年級
短耳兔,9789867158277 ,國小低年級
小保學畫畫,9789865566401 ,國小低年級
嘿嘿嘿嘿嘿，看起來好好吃,9786267177204 ,國小低年級
不可思議的吃書男孩,9789571460239 ,國小低年級
沒有人怪你,9789575709648 ,國小低年級
貓先生愛釣魚,9789575748739 ,國小低年級
第一次自己走路回家,9789579125628 ,國小低年級
菜園裡的美味大餐(秋冬),9789866948466 ,國小低年級
爺爺的神祕菜園,9789869570145 ,國小低年級
十二生肖的故事,9789869421508 ,國小低年級
爸爸是夜晚暴食龍,9789575035914 ,國小低年級
臺南食點心,9789862740859 ,國小低年級
蔬菜白熊,9789865513306 ,國小低年級
跟著爸爸媽媽旅行的溫暖回憶,9789579125994 ,國小低年級
新老鼠娶親,9789571465623 ,國小低年級
走出去看看世界,9789860676969 ,國小低年級
下眼淚雨的一天,9789869478182 ,國小低年級
來我家，到你家！,9789865250584 ,國小低年級
世界上最棒的蛇,9786263551237 ,國小低年級
我學得慢，不一定學不好,9789865570217 ,國小低年級
春天的野餐會,9789570846768 ,國小低年級
爺爺的寶盒,9789570836752 ,國小低年級
歡迎光臨恐龍百貨,9789571469027 ,國小低年級
阿黛兒與西蒙巴黎放學記,9789579529464 ,國小低年級
我家的冰箱在海邊,9789860539097 ,國小低年級
從山裡逃出來：垃圾，丟啊！,9789863980452 ,國小低年級
學思達小學堂4：陪爸爸上班 ,9789575030148 ,國小低年級
壞心情！ ,9786267237366 ,國小低年級
我很厲害，但是我不驕傲：自信與自傲的分辨 ,9789869570183 ,國小低年級
艾瑪畫畫,9789865664640 ,國小低年級
老厝阿嬤,9789869237109 ,國小低年級
爸爸的友善茶園,9786267043929 ,國小低年級
不會寫字的獅子,9789860645170 ,國小低年級
戰爭來的那一天 ,9789865730918 ,國小低年級
鯨魚，為了你，我們一定做得到！ ,9789863382270 ,國小低年級
怕浪費奶奶的河川散步,9789575039806 ,國小低年級
肚子裡的火車站：養成良好飲食習慣,9789860725971 ,國小低年級
好椅子比賽,9786267051412 ,國小低年級
艾飛不見了,9789863382065 ,國小低年級
開學了，學校也好緊張！,9789864794928 ,國小低年級
啄木鳥女孩,9789869148535 ,國小低年級
跑不快也沒關係,9789869491259 ,國小低年級
我的第一本雨林動物書,9789865072469 ,國小低年級
別來煩我！,9789579095884 ,國小低年級
森林100層樓的家,9789865566555 ,國小低年級
小頓的願望實現了,9789862116845 ,國小低年級
阿比迷路了！(二版),9786267127513 ,國小低年級
阿嬤的碗公(附台語文版),9789862941256 ,國小低年級
大象忘忘,9786263051850 ,國小低年級
哥利亞：不一樣的男孩,9789864492091 ,國小低年級
我的完美願望,9789866215995 ,國小低年級
雖然我的頭髮亂七八糟,9789576589362 ,國小低年級
別忘記,9786263355514 ,國小低年級
打敗病痛惡龍的超級媽媽,9789865570569 ,國小低年級
香蕉事件,9789869873659 ,國小低年級
東西太多啦！,9789573295075 ,國小低年級
樹的透視書,9786263072350 ,國小低年級
米爺爺學認字,9789865664817,國小低年級
我的家人超級棒,9789864404759,國小低年級
沒關係，親愛的蟾蜍,9789864493289,國小低年級
莉莉做包子,9789573298977,國小低年級
艾瑪・媽媽,9786267350683,國小低年級
媽媽小時候：第一次參加婚禮,9789865566692,國小低年級
沒毛雞,9789867942241,國小低年級
不肯沉默的公雞,9789571463858,國小低年級
來火龍家吃飯,9786263055384,國小低年級
不怕輸的才是贏家,9789577627087,國小低年級
山雨小學2：生氣王子的瘋狂校外教學,9786263057869,國小低年級
請投大野狼一票！,9786263077096,國小低年級
凱琪的包裹,9789863386070,國小低年級
貓熊麵包店,9789863384557,國小低年級
青椒超人綠披風,9789578640504,國小低年級
小洋蔥大作戰,9789577625908,國小低年級
媽媽，對不起,9786267140901,國小低年級
小奈奈的好好吃蔬菜飯,9789862418789,國小低年級
跑跑跑，我還要跑,9786267050545,國小低年級
別再催我快一點啦！,9789865570774,國小低年級
壞種子愛上圖書館,9786267180334,國小低年級
牙婆婆，我會乖乖刷牙！,9789860725087,國小低年級
誰來吃午餐,9789865730994,國小低年級
牙齒的祕密01：為什麼會蛀牙呢？,9789865224547,國小低年級
牙齒的祕密02：我是刷牙小高手,9789865224554,國小低年級
牙齒的祕密03：換牙的祕密,9789865224790,國小低年級
牙齒小精靈,9789865225551,國小低年級
大野狼才要小心,9789862119785,國小低年級
 修馬路！小心喔,9789863385271,國小低年級
小旅鼠向前衝！,9789571463209,國小低年級
想哭就哭成一座噴水池,9786263077621,國小低年級
亂七八糟的口袋,9786267031247,國小低年級
熊媽媽愛上了手機,9789861616773,國小低年級
大膽的老婆婆,9789578640696,國小低年級
小獅子的鬃毛,9789571465890,國小低年級
海邊的麵包師傅,9789865570989,國小低年級
爺爺的肉丸子湯,9789863385332,國小低年級
灰灰小姑娘,9789862117804,國小低年級
事實丸,9789861899916,國小低年級
來自火星的男孩,9789571464640,國小低年級
青蛙帥王子,9789861614458,國小低年級
哈囉，大象太太！,9789579529181,國小低年級
鼠小弟捉迷藏,9789867188809,國小低年級
北極熊的某一天,9789869768238,國小低年級
這一點都不好笑！,9789862116777,國小低年級
口袋洋裝,9789862114506,國小低年級
再見壞心情,9789863383444,國小低年級
勇敢的獅子兄弟,9786267000373,國小低年級
阿里的飛機,9789573294498,國小低年級
紅豆刨冰傳說,9786263052383,國小低年級
窗裡有什麼？,9789577627452,國小低年級
小麥和超級英雄,9789861898148,國小低年級
到烏龜國去,9786267127315,國小低年級
短耳兔4：麵包宅急便,9786263056756,國小低年級
宅貓,9789869873666,國小低年級
小熊、小蛇、小鳥的好朋友俱樂部1,9789577627377,國小低年級
沒有字的明信片,9789578544758,國小低年級
情緒大飯店,9786267430033,國小低年級
什麼都能修理的法蘭妮,9786267237007,國小低年級
看得到？還是看不到？,9789576582165,國小低年級
像我這樣的一隻獅子,9789864403271,國小低年級
如果我住在別的地方,9789579529723,國小低年級
如何帶一隻恐龍搭電梯：21個有趣的科學思考,9786267206263,國小中年級
巴第市系列2 間諜竊密事件簿：人體城市的營運中心——口腔．消化．排泄,9789862419779,國小中年級
神奇酷科學 5 地球的生態危機,9789862168486,國小中年級
帶不走的小蝸牛：福爾摩莎自然繪本,9573256517,國小中年級
月球旅行指南：小兔子的月球之旅,9789578640177,國小中年級
我做得到！小科學家艾達,9789864793730,國小中年級
是誰躲在草叢裡,9789570850628,國小中年級
神奇樹屋小百科13：龍捲風與颶風,9789864794669,國小中年級
糞金龜的成長日記,9789864797974,國小中年級
探訪地球中心,9786263053090,國小中年級
我家有科學,9786267127209,國小中年級
都是從太陽來的,9789579125796,國小中年級
銅絲彎繞橡膠彈性好,9789861615745,國小中年級
天生建築家：鈴木守的109種動物巢穴大發現,9789863595854,國小中年級
伊布奶奶的神奇豆子,9786269865383,國小中年級
臺南遊,9786263556522,國小中年級
曹操掉下去了,9786267429839,國小中年級
市場街最後一站,9786263581463,國小中年級
【可能小學的歷史任務II】1 咚咚戰鼓闖戰國,9789869211796,國小中年級
不要打翻牛奶,9786263054097,國小中年級
布魯卡的日記：波蘭兒童人權之父—柯札克的孤兒之家故事,9786267344019,國小中年級
世界不是方盒子：普立茲建築獎得主札哈‧哈蒂的故事,9786269775859,國小中年級
世界的孩子，不一樣的生活：來自7個國家的7個孩子，食衣住行都不同的一天,9789864793495,國小中年級
希望小提琴,9786267367278,國小中年級
我的爸爸是流氓,9789865664756,國小中年級
我的興趣可以變成我未來的工作,9786263057715,國小中年級
亞斯的國王新衣,9789574906246,國小中年級
塑膠島,9789570870084,國小中年級
雞蛋花,9786263056091,國小中年級
候鳥：季節性移工家庭的故事,9786263555365,國小中年級
值日追書生,9789862412855,國小中年級
好麥給你好麵包,9786267200322,國小中年級
線索藏在大便裡！,9789575037352,國小中年級
蔬菜超人,9789862167038,國小中年級
我是白痴,9789575035747,國小中年級
我的弱雞爸爸,9789865730338,國小中年級
少年廚俠1：兩王的心結,9789579529129,國小中年級
屁屁偵探 噗噗！消失的便當之謎,9789865253226,國小中年級
小魯的池塘,9789865535476,國小中年級
來！煎一鍋大象蛋,9786267527115,國小中年級
倒立的老鼠：英國經典動物故事集,9789577626707,國小中年級
三隻小豬真實故事  ,9789865252144,國小中年級
柴升找財神,9789869873673,國小中年級
獨眼孫悟空,9789864403318,國小中年級
獅子與兔子大對決,9789863383536,國小中年級
神奇的噴火龍,9786263053106,國小中年級
追逐夢想的男孩:查爾斯．狄更斯,9789575033835,國小中年級
丁小飛校園日記1：時光膠囊的祕密,9789575036461,國小中年級
奇想西遊記1：都是神仙惹的禍,9786263558267,國小中年級
巧克力戰爭,9789577519085,國小中年級
我不是弱者,9789863209508,國小中年級
甜甜圈池塘, 9789577519207,國小中年級
誰是大作家？,9789863385622,國小中年級
星星碼頭,9786267200827,國小中年級
麒麟湯,9786263050648,國小中年級
心靈學校1：我很棒！只是有點害羞,9786263262423,國小中年級
黑貓魯道夫1：魯道夫與可多樂,9789863384953,國小中年級
「無限多」到底有多少呀？,9789579125147,國小中年級
我在博物館迷路了，因為……,9786263552289,國小中年級
寫給兒童的臺灣美術奇幻之旅,9786263553736,國小中年級
博物館一日遊,9789865256845,國小中年級
小火龍棒球隊,9786269854219,國小中年級
戲臺上的大將軍,9789861617190,國小中年級
找不到系列1：找不到國小,9789869495981,國小中年級
丹頂鶴是壞蛋嗎,9789570872361,國小中年級
開心農場：怎麼吃健康又環保？,9789570870091,國小中年級
我們買了冷氣機,9786269895120,國小中年級
那魯,9786269895137,國小中年級
露比任務:培養孩子邏輯思考的程式尋寶記,9786263552517,國小中年級
數學小偵探3：黑心老闆的詭計,9786263056039,國小中年級
數學小偵探2─壞蛋軍團的逆襲,9786267281475,國小中年級
喋喋不休的調色盤：康定斯基畫裡的色彩與聲音,9789570871418,國小中年級
小石頭的歌,9789864002061,國小中年級
爸爸是海洋魚類生態學家,9789863382096,國小中年級
狐狸爸爸萬歲,9786267365991,國小中年級
叔公的理髮店,9786267527122,國小中年級
斷嘴鳥,9786263059894,國小中年級
100個傳家故事:蘇格拉底的智慧,9789578423824,國小中年級
達克比辦案5：救救昏倒羊,9786267483640,國小中年級
可能小學的愛地球任務：拯救黑熊大作戰,9789863386469,國小中年級
挨鞭僮,9786267271445,國小中年級
換心店,9786267271575,國小中年級
好一個餿主意,9789573269694,國小中年級
哆啦A夢科學任意門15：神祕化石時光布,9786267516133,國小中年級
壞心的夫妻消失了,9789573279273,國小中年級
達克比辦案2：壞蛋的祕密,9789865582487,國小中年級
我可以說謊嗎？,9786263059733,國小中年級
為什麼地球不會被大便淹沒？,9786263556621,國小中年級
可能小學的愛台灣任務 3 快跑，騰雲妖馬來了,9786263612327,國小中年級
長頸鹿的信,9789863382843,國小中年級
薩瓦納草原的一天,9786263050280,國小中年級
貓村開麥拉,9789864796977,國小中年級
柿子色的街燈,9789864797042,國小中年級
小火龍便利商店,9789862412978,國小中年級
妖怪醫院2：狸貓宮殿大騷動,9789862416686,國小中年級
達克比辦案3：放屁者聯盟 動物世界的射擊高手,9789577518378,國小中年級
英雄,9789865535797,國小中年級
河流,9789863420040,國小中年級
愛達的想像力：世界上第一位程式設計師,9789869366823,國小中年級
不簡單女孩1 用圖像思考的女孩：動物科學家天寶‧葛蘭汀的故事,9789570487770,國小中年級
數星星的女孩,9789862119228,國小中年級
雪英奶奶的故事,9789865731823,國小中年級
中小學生認識戲劇的第一本書,9789579047760,國小中年級
秀姑巒溪河口漂流記：遙遠的歸鄉路,9789575033552,國小中年級
北極熊,9789865566586,國小中年級
穿越故宮大冒險2：肉形石的召喚,9789865503338,國小中年級
狐狸阿聰,9789860624274,國小中年級
書之樹,9789863201946,國小中年級
達克比辦案4：尋找海洋怪聲,9786263054110,國小中年級
最棒的鞋,9786263053595,國小中年級
微生物：看不見的魔術師,9789576589317,國小中年級
奇幻蛇郎與紅花,9786267038093,國小中年級
菜刀小子的陣頭夢,9789573338369,國小中年級
屁屁偵探讀本 幸運貓落到誰手上！,9786263051331,國小中年級
博物館探奇1：鬼影幢幢的翼龍展,9789864504138,國小中年級
親愛的,9789864504961,國小中年級
碳酸男孩,9789864504145,國小中年級
我的南極朋友,9789865258566,國小中年級
親愛的漢修先生,9789577519160,國小中年級
奔流之河：一條河流重生的真實故事,9786263267497,國小中年級
露西實驗室 2：固體、液體—猜猜看，氣體在哪,9786263202023,國小中年級
童話中的科學1,9786269631285,國小中年級
故事中的科學：寓言中的科學,9786267127971,國小中年級
天空下起帽子雨：三個結尾的故事,9786267000502,國小中年級
漫畫大英百科【科技6】：人工智慧,9786269576074,國小中年級
不需要電腦的程式設計課：從遊戲中學習電腦語言、鍛鍊運算思維，培育AI時代必備的數位素養,9786263200548,國小中年級
不簡單女孩2 有數學頭腦的女孩：工程師瑞．蒙特固的故事,9786263177888,國小中年級
吃的東西，原來如此！,9786263051898,國小中年級
記得我們的約定喔！,9789863380894,國小中年級
歷史現場繪本2：海蒂的逃離旅程：納粹大屠殺時期的真實故事,9786263050488,國小中年級
神話地圖：認識12大古文明中的神祇、怪獸與英雄故事,9789571463049,國小中年級
小小科學人：100食物大發現,9789865257484,國小中年級
原來太空是這樣子啊！,9786263057142,國小中年級
魔法的祕密,9789579095327,國小中年級
艾莉絲的樹,9789867460271,國小中年級
媽媽的一碗湯,9789864797370,國小中年級
屎來糞多學院,9789578423756,國小中年級
君偉的誤會報告,9789575034443,國小中年級
骨之旅：從海洋到陸地，看見人類與萬物的演化關係, 9789862415870 ,國小中年級
魔法十年屋1：想不想試試時間的魔法？,9789864403592,國小中年級
實驗故事集1：春天鬧鬼記,9786269675661,國小中年級
跟王文華學聽說讀寫：聽一半超人,4717211035627,國小中年級
街道是大家的,9789869803984,國小中年級
聽獨角仙說故事,9786267350294,國小中年級
米食樂,9786263901933,國小中年級
班上養了一頭牛,9789578722361,國小中年級
吹口哨的孩子王,9789865259167,國小中年級
魔法自動販賣機,9786267050170,國小中年級
字的傳奇1：馴字師捉妖去,9789864795451,國小中年級
充滿情感的生命樂章：鋼琴發明家克里斯多佛里的故事,9789864798872,國小中年級
11堂智慧故事課,9789862299128,國小中年級
探黑-Adventure at Night,9789864798889,國小中年級
老樹旅館的故事,9786263056510,國小中年級
阿柑的信,9789577518958,國小中年級
Here We Are: 歡迎來到這個美麗的星球,9786267271223,國小中年級
文化台灣繪本－天上飛來的魚,9789860074529,國小中年級
蟲蟲大書BUGS,9789862037300,國小中年級
今天晚上，誰當鬼？,9789865513528,國小中年級
蝴蝶遇見公主,9789861898100,國小中年級
九歌108年童話選之早起的蟲兒被鳥吃,9789864502790,國小中年級
藏在手機裡的祕密,9789865546120,國小中年級
千歲爺出任務-燒王船,9789866039355,國小中年級
三個問號偵探團2：勇闖恐龍島,9789575037345,國小中年級
可能小學愛臺灣任務：鄭荷大戰,9789862413715,國小中年級
愛心樹,9789865730352,國小中年級
我們製造的垃圾,9789865503352,國小中年級
魚市場,9789869433785,國小中年級
小不隆咚──我們是微生物！：細菌、病毒與真菌小小世界裡的大知識,9789571467474,國小中年級
甜甜辣辣的回憶,9789570841961,國小中年級
包心粉圓抓賊記,9789866544774,國小中年級
大象男孩與機器女孩,9789577459374,國小中年級
別亂碰！這是我的身體,9789578950405,國小中年級
女力科學家3：程式語言女王 揪出電腦bug的葛麗絲‧霍普,9789575038472,國小中年級
我愛讀科學的故事,9789862163900,國小中年級
代號：小魷魚,9789867188533,國小中年級
從今天起勇敢高飛,9789863381594,國小中年級
貓卡卡的裁縫店,9789864791606,國小中年級
馬爺爺新說成語故事,9789862117699,國小中年級
基因大冒險：雙胞胎與遺傳的祕密,9789864403837,國小中年級
改變世界的六個點：15歲的點字發明家,9789864403097,國小中年級
為什麼會打噴嚏、放屁？,9789862031636,國小中年級
旅程：在尋找家的路上,9789869550888,國小中年級
皮可大冒險：想像不到的朋友,9789864790241,國小中年級
虎姑婆,9789865505172,國小中年級
柴可夫斯基胡桃鉗音樂故事,9789865730703,國小中年級
清明上河圖是怎麼到博物館？,9789579057530,國小中年級
福斯多的命運,9789571467351,國小中年級
莫內與貓的奇幻旅程,9789571469522,國小中年級
小心，這本書有細菌！：認識細菌、病毒和真菌的強大微生物王國,9789578722712,國小中年級
數感小學冒險系列3：春日小學社團日,9789575035754,國小中年級
烏龍小學的唐詩遊樂園06·躺屍魔王的最後挑戰,9789869614245,國小中年級
變成啄木鳥的啄木鳥,9789866701375,國小中年級
眼光獨到的女孩 :派翠西亞‧巴斯醫師的故事,9789578423718 ,國小中年級
一顆種子的旅行 :植物是這麼旅行的,9789862741498 ,國小中年級
臺灣古道大冒險1：陽明山水圳古道,9789579502344 ,國小中年級
全員出動!捕捉風獸因因呼 :看身懷絕技的團隊建造台灣第一座離岸風場,9786263140417 ,國小中年級
汙水爆炸啦,9789862745601 ,國小中年級
最美的海洋:需要我們一起來保護 ,9789570487213 ,國小中年級
能源好朋友,9789865535469 ,國小中年級
黑色金奇之旅 :我的石油小百科,9789865535278 ,國小中年級
阿勒坡的養貓人：一個關於棄貓，戰爭和愛的故事,9789865566722 ,國小中年級
大河的故事,9789863383673 ,國小中年級
我的主張勇敢說！,9789860681529 ,國小中年級
歡迎來我家!世界上最奇妙的10種住家,9789577627179 ,國小中年級
都是放屁惹的禍,9789866310393 ,國小中年級
四隻腳，兩隻鞋,9789864794508 ,國小中年級
我是小孩，我有話要說,9789865322564 ,國小中年級
馭風逐夢的男孩 :威廉.坎寬巴,9789864402021 ,國小中年級
屋裡屋外,9789862745663 ,國小中年級
李歐納國王的泰迪熊,9789864403783 ,國小中年級
達克比辦案11-荒漠救命蛙 :沙漠生態系與動物的適應,9786263051973 ,國小中年級
一秒鐘的改變,9789861891743 ,國小中年級
"開口問吧! :如果感到好奇,就開口問吧!",9789864404063 ,國小中年級
海洋大書BLUE,9789862037775 ,國小中年級
紙袋公主,9789573284604 ,國小中年級
Doctor大熊醫生粉絲團,9789575033736 ,國小中年級
世界的孩子上學去：全球學生的真實歷險記,9789570859522 ,國小中年級
我可以很平靜：一起練習正念靜心,9789575037291 ,國小中年級
電塔上的空中英雄,9789863383512 ,國小中年級
我是小孩，我有權利保護地球,9789865505349 ,國小中年級
蘋果甜蜜蜜,9789570839425 ,國小中年級
菠菜在哭,9789864400461 ,國小中年級
爺爺的有機麵包,9789570842258 ,國小中年級
小房子,9789573294269 ,國小中年級
快樂王子,9789570862584 ,國小中年級
停電了,9789864799572 ,國小中年級
剛達爾溫柔的光,9789867819840 ,國小中年級
再見小樹林,9789861890661 ,國小中年級
盤中餐,9789864402137 ,國小中年級
呼叫!地球需要你,9789579529563 ,國小中年級
為什麼不能有女醫生? :美國第一位女醫生的故事,9789864400591 ,國小中年級
只有一個學生的學校,9789866049538 ,國小中年級
不平凡的職業 :揭開12個工作的祕密,9789862745342 ,國小中年級
超級工程MIT03 觸碰天際的台北101,9789863598664 ,國小中年級
守護寶地大作戰,9789862113707 ,國小中年級
天氣100問：最強圖解X超酷實驗 破解一百個不可思議的氣象祕密,9789579095648 ,國小中年級
"海洋,萬物之母：孩子的第一本海洋繪本",9789869955058 ,國小中年級
自然之聲,9789861897233 ,國小中年級
我們的大地 :珍惜水、土壤空氣 ,9789865811259 ,國小中年級
奇想西遊記2：怪怪復仇者聯盟,9789862419489 ,國小中年級
誰說野狼就要壞,9789865505165 ,國小中年級
找不到系列2：找不到山上,9789869495998 ,國小中年級
我的海盜父親,9789865406004 ,國小中年級
野鳥食堂,9789862743621 ,國小中年級
發明之書 :科技改變世界的故事,9789865593070 ,國小中年級
爺爺的天堂筆記本,9789863426806 ,國小中年級
科學不思議1：昆蟲量體重,9789575032609 ,國小中年級
科學不思議2：尾巴大調查,9789575032616 ,國小中年級
狐狸與樹,9789863384137 ,國小中年級
航向鯨奇島,9789571470337 ,國小中年級
台灣生態尋寶趣 2：野地漫遊,9786267038000 ,國小中年級
"我的身體,不可思議!",9789577518682 ,國小中年級
我的AI同學1：AI的發展史,9789865546274 ,國小中年級
114歲的新生：瑪麗．沃克奶奶的閱讀之旅,9789571471686 ,國小中年級
物理天后 :推翻宇宙定律的吳健雄,9789575038458 ,國小中年級
地球博士的世界遺產迷宮之旅,9789864402076 ,國小中年級
愛達的小提琴 :巴拉圭再生管弦樂團的故事,9789578423749 ,國小中年級
我的陰陽眼同學,9789866544521 ,國小中年級
吸墨鬼來了,9789863201724 ,國小中年級
島國的孩子,9789571376967 ,國小中年級
我和世界的孩子不一樣的生活,9789864799152 ,國小中年級
人體大遊歷2：流感大作戰,9789862117637 ,國小中年級
海倫凱勒的故事,9789570824872 ,國小中年級
會說話的畫,9789866049743 ,國小中年級
躲貓貓,9789862745885 ,國小中年級
向大自然借點子：看科學家，設計師和工程師如何從自然中獲得啟發，運用仿生學創造科技生活,9789865503932 ,國小中年級
SDGs悅讀行動：你從這一天開始說自己的故事！,9789864404148 ,國小中年級
我的城市會說話：不用眼睛，更能聽見都市模樣,9786267208038 ,國小中年級
穿越千年的黑嚕嚕探險：水墨的三大主題樂園,9786263172050 ,國小中年級
跟著老虎深海潛水員去探險,9789574905942 ,國小中年級
乖女孩,9786267000823 ,國小中年級
藍染小仙,9786269508334 ,國小中年級
爺爺奶奶的情人裝,9786267043530 ,國小中年級
森林裡的小圓,9786267100820 ,國小中年級
科學不思議4：神奇植物吹泡泡,9789575037147 ,國小中年級
動物狂想曲圖像小說1：祕密小兔,9789865517519 ,國小中年級
願望年糕屋1：說好話的甜言蜜語糕,9789865076627 ,國小中年級
幽靈貓福子1：丸子町的守護神,9789865593223 ,國小中年級
酷豆子,9789861899534 ,國小中年級
上天下海，動物蓋房子,9786267069844 ,國小中年級
穿越文字森林,9789864004386 ,國小中年級
狐狸一族心探險1：不能說的禁忌 ,9786263052185 ,國小中年級
請到我的家鄉來,9789865513368 ,國小中年級
怪奇漢方桃印2：要不要來一份相親相愛香？,9786263053519 ,國小中年級
不說話的石頭告訴我們的事,9786269551156 ,國小中年級
有故事的郵票：臺灣囡仔古,9789573295433 ,國小中年級
蟲蟲週刊特別報導 誰才是擬態高手？,9786263553309 ,國小中年級
神祕色彩小偷,9789864492671 ,國小中年級
小怪獸和雞皮疙瘩：給大人，小孩面對不安的處方箋,9789577627513 ,國小中年級
安心國小04：抱怨靠邊站,9789865252755 ,國小中年級
熊外婆,9786269692460 ,國小中年級
長頸鹿先生，請上車！,9789863385684 ,國小中年級
馬爺爺說台灣民間故事,9789869033466 ,國小中年級
猜猜我有多聰明,9789862119174 ,國小中年級
小四愛作怪：無敵36計第一彈,9789865581893 ,國小中年級
衣服，怎麼穿才好呢？,9789865513245 ,國小中年級
佩德洛想買腳踏車：建立孩子的金錢觀，生活腦與理財智慧,9786267038512 ,國小中年級
捍衛平等權的帕克斯,9789864272440 ,國小中年級
珀金的完美紫色：一個運用化學創造紫色的男,9789864404643 ,國小中年級
安心國小05：時間，等等我,9789865257583 ,國小中年級
【不平凡的小學生溫斯黛】正經生意第一課：爆笑經營心法,9789864404865 ,國小中年級
世界喜歡這樣的你,9789573290728 ,國小中年級
臺灣乞丐之父：施乾,9789862942079 ,國小中年級
300字小故事：100則品格力,9789577518033 ,國小中年級
敵人派,9789864003099 ,國小中年級
箱子世界,9786267051368 ,國小中年級
請再多下一點雨吧！,9789869768290 ,國小中年級
怪奇漢方桃印1：給你一帖退魔封蟲散！,9786263053502 ,國小中年級
不一樣的沙子島之歌,9789863384199 ,國小中年級
你沒想過的仿生學－模仿動物的創意發明,9789862039045 ,國小中年級
荒島食驗家1：過貓泡麵,9786263140585 ,國小中年級
要不要？,9789865664602 ,國小中年級
水到底有多重要？關於全球正在面臨的缺水危機,9789577627414 ,國小中年級
讓世界更好：創意回收救地球的真實故事,9789860641790 ,國小中年級
晶晶的桃花源記,9786267127674 ,國小中年級
星期天的保健室,9789863204992 ,國小中年級
神奇樹屋(26)：再見大猩猩,9789864179893 ,國小中年級
神奇樹屋(6)：雨林大驚奇,9789864797028 ,國小中年級
神奇樹屋(43)：愛爾蘭任務,9789864797400 ,國小中年級
我的健康，全面守護！：暈車了，肚臍塞酸梅？瘀血了，揉一揉就好？想要身體健康怎麼能靠偏方！,9789577518699 ,國小中年級
晨讀10分鐘：光的接力賽-實驗故事集3,9789862415719 ,國小中年級
公主出任務2：完美的派對,9789869486101 ,國小中年級
苔蘚兄妹,9786267110430 ,國小中年級
小黑啤玩臺灣：尋古堡 臺南篇,9789869983686 ,國小中年級
狐說八道4：投石問錯鹿,9789864793419 ,國小中年級
不偷懶小學1：不摸魚老師,9789863203629 ,國小中年級
校園裡的小妖怪3：打不開的教室,9789576580499 ,國小中年級
機車媽媽,9789570863895 ,國小中年級
雨天的秘密下水道,9789863384816 ,國小中年級
去問貓巧可,9789869248600 ,國小中年級
不偷懶小學 2 : 不可能奇蹟,9789865252120,國小中年級
不偷懶小學. : 3， : 不好找寶藏,9789865252137,國小中年級
八歲，一個人去旅行,9789573285281,國小中年級
戰爭改變了小圓城,9786267206263,國小中年級
托雅搬家,9789570847574,國小中年級
我們的椿象圖鑑：惱人的蟲蟲變成大家的寶貝,9786269576012 ,國小中年級
我是外公的哥哥,9786267043608 ,國小中年級
高第：建築異想家,9789571460253 ,國小中年級
瑪麗愛穿什麼就穿什麼,9789570861952 ,國小中年級
為冥王星命名的女孩,9789864404377 ,國小中年級
粉紅色影子的男孩,9789577627063,國小中年級
YES！也算是小超人,9789864797974,國小中年級
奇想聊齋1:狸貓學仙術,9786263053090,國小中年級
逆轉勝：森林棒球隊,9786267127209,國小中年級
救救我們堆滿塑膠的地球,9789579125796,國小中年級
零用錢大作戰 :廣告達人寫給小學生的溝通技巧書,9789861615745,國小中年級
為我取個名字,9789863595854,國小中年級
晴天有時下豬,9786269865383,國小中年級
世界的餐桌歡迎你,9786263556522,國小中年級
疑難雜症旅行社1：沙漠果實採摘之旅,9786267429839,國小中年級
請問我現在到底在哪裡,9786263581463,國小中年級
穿越驚奇圖書館1：被封印的格林兄弟,9786263057135,國小中年級
君偉上小學3：三年級花樣多,9786263054097,國小中年級
這首歌，唱給大海聽,9786267344019,國小中年級
歡迎光臨!奇蹟詞語商店 :找回幸福的神奇瓶子,9786269775859,國小中年級
牛蒡醫生忙碌的一天,9789864004904,國小中年級
酪梨很想問：我是水果還是蔬菜？,9786267367278,國小中年級
超級烏龜,9789865664756,國小中年級
達克比辦案14：莽原生死鬥：草原生態系與地下環境的生存適應,9786263057715,國小中年級
以馬內利，夢想起飛了：以馬內利．奧福蘇．葉波的真實故事,9789574906246,國小中年級
貓的事務所,9789570870084,國小中年級
貝雷的新衣,9786263056091,國小中年級
吸墨鬼來了4：電子書好喝嗎？,9786263555365,國小中年級
怪傑佐羅力1：怪傑佐羅力之打敗噴火龍,9789862412855,國小中年級
公主出任務1：怪獸警報,9786267200322,國小中年級
三個問號偵探團3：唱歌的幽靈,9789575037352,國小中年級
用點心學校2：好新鮮教室,9789862167038,國小中年級
數感小學冒險系列2：旋風戰鬥陀螺的祕密,9789575035747,國小中年級
從前從前有一座森林,9789865730338,國小中年級
明天會是好天氣,9789579529129,國小中年級
梅子老師這一班1：教室被封鎖了！,9789865253226,國小中年級
安心國小1：我們是同一掛的,9789865535476,國小中年級
歡迎來我家！動物的奇妙生活1（陸地動物）：彈簧舌、空中滑翔、泡沫防護罩……，讓你嘆為觀止的吃拉睡生存技,9786267527115,國小中年級
蘋果樹小女巫1：磨坊裡的新鄰居,9789577626707,國小中年級
不偷懶小學4：忍不住大師,9789865252144,國小中年級
通往糖麵包山的那條路,9789869873673,國小中年級
禁止黑暗的國王,9789864403318,國小中年級
最後一棵樹,9789863383536,國小中年級
奇想聊齋2：妖怪現形記,9786263053106,國小中年級
貓巧可4：貓巧可救了小紅帽,9789575033835,國小中年級
小兒子2：土匪窩裡的老大,9789575036461,國小中年級
吃書的狐狸先生1：書店大盜,9786263558267,國小中年級
時光小學四：暴龍爸爸回來了,9789577519085,國小中年級
用點心學校7：酸溜溜魔術,9789863209508 ,國小中年級
宇宙魔法印刷機, 9789577519207,國小中年級
如果這是100隻動物的世界,9789863385622 ,國小中年級
伊索的人生寓言,9786267200827,國小中年級
字的傳奇2：火神的進擊,9786263050648 ,國小中年級
小隕石的奇幻旅程,9786263262423,國小中年級
鬼鯊的畢業紀念冊,9789863384953,國小中年級
十二生肖同樂會,9786267127926,國小中年級
出發吧!環遊世界24個傳統市場,9786263552289,國小中年級
狐狸偵探傑克1：尋找黃金雞,9786263553736,國小中年級
小比利和迷針族,9789865256845,國小中年級
莫里斯的音樂與愛,9786269854219,國小中年級
雞同鴨講辯論會,9789861617190,國小中年級
松弟大冒險,9789570872361,國小中年級
銀杏的果實,9789570870091,國小中年級
小吃貨辦案：地獄鬼椒事件（上）,9786269895120,國小中年級
小吃貨辦案：地獄鬼椒事件（下）,9786269895137,國小中年級
老師，我不會寫讀書心得！,9786263552517,國小中年級
怪獸與貝瑟妮,9786263056039,國小中年級
愛畫地圖的男孩,9786267281475,國小中年級
要求很多的餐廳,9789570871418,國小中年級
亞伯的小島,9789864002061,國小中年級
動物園的一星期,9789863382096,國小中年級
搗蛋神明來我家1：神明誕生了！,9786267365991,國小中年級
歡迎來我家！動物的奇妙生活2（極地、水生與夜間動物）：長牙棒、水上跑、黑暗中打獵……，讓你大開眼界的吃拉睡生存技,9786267527122,國小中年級
達克比出任務１：誰是偷蛋賊？ 科學博物館的恐龍大調查,9786263059894,國小中年級
我喜歡，上學趣！：一週讀一首，孩子一整年的校園生活週記！,9789577519528,國小中年級
寂寞的天才—黃土水,9786267483640,國小中年級
暑假作業我決定！,9789863386469,國小中年級
爸爸放暑假,9786267271445,國小中年級
我是說話高手！小學生的第一本情緒表達書,9786267516133,國小中年級
神奇酷科學13：無所不能的能量,9789863206538,國小高年級
神奇酷科學14：改變世界的電,9789863206521,國小高年級
神奇酷科學15：點石成金的化學,9789863207498,國小高年級
神奇酷科學16：穿越萬物的時間,9789863207504,國小高年級
不向命運屈服的科學巨星:霍金,9789863205463,國小高年級
手斧男孩首部曲,9789865947125,國小高年級
達克比辦案1：誰是仿冒大王？動物的保護色與擬態,9789869201384,國小高年級
神奇樹屋小百科14：地震與海嘯,9789864794676,國小高年級
11歲男孩的祈禱：一起種樹救地球！,9789861792804,國小高年級
法布爾老師的昆蟲教室（全套２冊）,4713510947838,國小高年級
電學之父：法拉第的故事,9789576637636,國小高年級
銀狐多米諾,9789863595373,國小高年級
有誰聽到座頭鯨在唱歌,9789869369336,國小高年級
蘭嶼、飛魚、巨人和故事,9789866039638,國小高年級
少年小樹之歌,9570349506,國小高年級
可能小學的愛台灣任務 1 真假荷蘭公主,9789862413708,國小高年級
億載金城之暗夜迷蹤(三版),9789866039591,國小高年級
勇敢向世界發聲：馬拉拉,9789864794164,國小高年級
砲來了，金門快跑！,9789866039607,國小高年級
班雅明先生的神祕行李箱,9789571463285,國小高年級
理財小達人系列1─4（共四冊）：一起學習個人理財、家庭理財、國家經濟、世界金融,9789869544269,國小高年級
一袋彈珠,9789863595182,國小高年級
午夜的槍聲：少年科學偵探CSI 10,9789862034453,國小高年級
出發．Run for Dream,9789861336664,國小高年級
我的阿富汗筆友,9789573266112,國小高年級
空畫框奇案,9789864791057,國小高年級
麥提國王執政記,9789863571285,國小高年級
尋妖誌：島嶼妖怪文化之旅,9789864431915,國小高年級
媽媽使用說明書,9789863209638,國小高年級
築地市場：從圖看魚市場的一天,9789869517751,國小高年級
《透明的小孩：無國籍移工兒童的故事》,9789869420211,國小高年級
聖誕男孩,9789863381853,國小高年級
青春方程式：27位名家給青少年的私房話,9789863381020,國小高年級
張曼娟奇幻學堂-我家有個風火輪,9789869495929,國小高年級
晴空小侍郎,9789869191036,國小高年級
明星節度使,9789869191043,國小高年級
我們叫它粉靈豆－Frindle,9789573263210,國小高年級
狼王夢(聯經新版),9789570835595,國小高年級
蝴蝶朵朵,9789578423763,國小高年級
六年級怪事多,9789862415771,國小高年級
當花豹遇上老鼠：動物園裡二十八則人生對話,9789864271856,國小高年級
改變世界的好設計02 用手走路的發明王：身障發明家劉大潭,9789869443302,國小高年級
草莓心事三部曲：芭樂祕密,9789869743440,國小高年級
普通不普通,9789573270829,國小高年級
開心天使,9789867107756,國小高年級
暗號偵探社,9789869614252,國小高年級
獨生子的祕密,9789863382713,國小高年級
一百件洋裝,9789867428745,國小高年級
九份地底有條龍,9789866039720,國小高年級
"晨讀10分鐘 : 我的成功,我決定",9789869498364,國小高年級
晨讀10分鐘：幽默散文集,9789862411643,國小高年級
晨讀10分鐘：成長故事集,9789862411636,國小高年級
巧克力冒險工廠,9789864790067,國小高年級
夏綠蒂的網,9789570850383,國小高年級
我們一班都是鬼,9789867107954,國小高年級
晨讀10分鐘：青春無敵早點詩—中學生新詩選,9789862416006,國小高年級
月光三部曲Ⅰ：淡水女巫的魔幻地圖,9789869483735,國小高年級
生日快樂：生命閃耀的瞬間,9570302070,國小高年級
說謊的阿大,9789862418093,國小高年級
再見吧！橄欖樹,9789862415054,國小高年級
妖怪藥局大拍賣,9789863200895,國小高年級
地圖,9789863206545,國小高年級
我的故宮欣賞書,9789863205487,國小高年級
數學獵人,9789577518026,國小高年級
檸檬水戰爭,9789862418529,國小高年級
大頭的再見安打,9789861519869,國小高年級
童話飛進名畫裡,9789866049330,國小高年級
穿越故宮大冒險1：翠玉白菜上的蒙古女孩,9789864790876,國小高年級
張曼娟奇幻學堂：花開了,9789869495950,國小高年級
靈魂裡的火把,9789869343251,國小高年級
壞學姊,9789573280293,國小高年級
妖怪藥局1：我的玉兔店長,9789869641722,國小高年級
妖怪藥局2：神仙惹麻煩,9789869641739,國小高年級
生物飯店：奇奇怪怪的食客與意想不到的食譜,9789571467016,國小高年級
吉娃斯愛科學1：拱橋的結構,9789576582035,國小高年級
第二個惡人,9789869685122,國小高年級
This is 莫內,9789869821407,國小高年級
可能小學的西洋文明任務2：亞述空中花園奇遇記,9789869484435,國小高年級
八號出口的猩猩,9789863202639,國小高年級
神奇收費亭,9789869752244,國小高年級
撒落的星星,9789869730907,國小高年級
丁小飛校園日記2：誰是最佳小隊長？,9789869443340,國小高年級
悶蛋小鎮,9789862417201,國小高年級
故宮嬉遊記：古物飛揚,9789864502639,國小高年級
討厭的人都跌倒吧,9789576582301,國小高年級
神奇柑仔店7：糟糕！我吃了款待梨,9789575036430,國小高年級
臭臭先生：大衛．威廉幽默成長小說2,9789861778433,國小高年級
快樂少年：林良爺爺的智慧存摺,9789864798124,國小高年級
一個小雞去天國,9789861614724,國小高年級
鞋子告狀：琦君寄小讀者(增訂新版),9789574449729,國小高年級
文學家的動物園,9789577517975,國小高年級
一顆屁的科學,9789571378206,國小高年級
這個時候怎麼辦？小學生應該懂的生活常識,9789578640436,國小高年級
桂文亞小學生散文故事集──紅馬的故事,9789577631923,國小高年級
少年廚俠2：西湖鳴冤記,9789579095471,國小高年級
貓戰士首部曲之一：荒野新生,9789864438785,國小高年級
皮克威克奶奶,9789869654982,國小高年級
荒野機器人,9789864791743,國小高年級
我的虎爺好朋友,9789864502080,國小高年級
山海經裡的故事1：南山先生的藥鋪子,9789570853513,國小高年級
女巫,9789864790111,國小高年級
豆鼠回家,9789573268901,國小高年級
細菌好朋友2：超越人類的35種細菌生存絕技,9789577518408,國小高年級
阿德老師的科學教室1物理大驚奇,9789861615950,國小高年級
打火哥的30堂烈焰求生課,9789573286127,國小高年級
趣味生物,9789864438570,國小高年級
漢娜的旅行箱,9789863596356,國小高年級
思考練習題：美國名校都在用的動腦題庫，突破我們的想像同溫層,9789861795621,國小高年級
少女練習曲,9789864502561,國小高年級
【可能小學的西洋文明任務】4 勇闖羅馬競技場,9789869484459,國小高年級
【可能小學的西洋文明任務】1埃及金字塔遠征記,9789869484428,國小高年級
剪紙少女翩翩,9789864502028,國小高年級
狼妻,9789577517135,國小高年級
奇想三國1：九命喜鵲救曹操,9789862415856,國小高年級
草山之鷹,9789864491261,國小高年級
解碼男孩：消失的時空之門,9789863382355,國小高年級
你所不知道的符號故事：符號的由來與使用,9789573281894,國小高年級
夢想冒險家：魏德聖的電影狂熱曲,9789571192529,國小高年級
阿德老師的科學教室3化學魔法趣,9789861616049,國小高年級
可能小學的西洋文明任務3：決戰希臘奧運會,9789869484442,國小高年級
三個問號偵探團1：天堂動物園事件,9789862417577,國小高年級
看不見的敵人,9789869281539,國小高年級
飛鞋,9789864501397,國小高年級
少女三劍客,9789863381624,國小高年級
穿越故宮大冒險5：谿山行旅圖冰獸任務,9789865535438,國小高年級
福爾摩斯經典探案：夜光怪獸,9789863380016,國小高年級
可能小學的藝術國寶任務2：決戰蘭亭密碼,9789575034450,國小高年級
破解！傳達的技倆：假新聞‧偽科學,9789864491391,國小高年級
當河馬想動的時候再去推牠：52個科學家的趣味思考，改變了這世界！,9789577516862,國小高年級
所羅門王的寶藏,9789863382515,國小高年級
神祕圖書館偵探1-芽門、彩花籽與小小巫婆,9789869333962,國小高年級
值得認識的38個：細菌好朋友,9789577518187,國小高年級
地圖會說話：從GPS衛星定位到智慧手機地圖，不可不知的地理資訊應用,9789869630863,國小高年級
野狗之丘,9789573259985,國小高年級
歷史小偵探：翻轉時空找錯誤，你不知道的古文明,9789869634083,國小高年級
365天．明天去哪個國家？喵,9789864893652,國小高年級
向星星祈願：50+1個克服學習困難的故事,9789578640733,國小高年級
寫給兒童的文明史9：改變世界的書,9789574904556,國小高年級
樹,9789864798179,國小高年級
怪咖動物偵探：城市野住客事件簿,9789576582134,國小高年級
我叫做小洋，我一點也不特別,9789862942444,國小高年級
明日之書套書1. 什麼是民主,8667106510523,國小高年級
皇上吃什麼,9789570852431,國小高年級
神奇柑仔店5：我不要帥哥面具！,9789865250331,國小高年級
當成語遇到科學,9789571466989,國小高年級
蜜蜂,9789864794751,國小高年級
電影開麥拉,9789864271511,國小高年級
數感小學冒險系列1：不可思「億」巧克力工廠 (新版),9789575035730,國小高年級
一看就懂的單位圖鑑,9789862037782,國小高年級
我的同學是一隻熊,9786263050341,國小高年級
藝術很重要：因為想像力可以改變世界,9789863597537,國小高年級
壞心姑媽：大衛．威廉幽默成長小說8,9789864439515,國小高年級
惡作劇女孩,9789578544284,國小高年級
偷石膏的女孩,9789864796243,國小高年級
永恆的點點女王：草間彌生,9789864798506,國小高年級
國家地理經典童話：綠野仙蹤,9789869537766,國小高年級
歡迎光臨古埃及,9789575035327,國小高年級
遇見世界古文明：歡迎光臨古羅馬,9789575035334,國小高年級
鑑識科學好好玩：採證指紋、鑑定DNA、搜集微物跡證……5大主題X40個跨學科實驗，成為小小CSI鑑識專家！,9789578544123,國小高年級
給孩子的中國神話故事(上)：砰!轟隆隆!神仙來了,9789863447856,國小高年級
給孩子的中國神話故事(下)：嘩! 乒乒乓乓! 仙界大作戰,9789863447863,國小高年級
難民：世界上最悲傷的旅人,9789570854756,國小高年級
班上來了一隻貓,9789864798278,國小高年級
皇上有令：30位帝王點點名,9789864491438,國小高年級
特別女生薩哈拉,9789862119396,國小高年級
遇見世界古文明：歡迎光臨古希臘,9789575035358,國小高年級
親愛的外婆,9789869743426,國小高年級
我想換媽媽,9789578950849,國小高年級
少年讀西遊記1：齊天大聖孫悟空,9789864791163,國小高年級
一把蓮：黑水溝傳奇（三版）,9789574905027,國小高年級
少年讀西遊記2：從風到火的考驗,9789864791170,國小高年級
少年讀西遊記3：降妖伏魔取真經,9789864791217,國小高年級
給媽媽的深夜日記,9789864799992,國小高年級
畢業那一年：石縫裡的信,9789865641030,國小高年級
廁所幫少年偵探3：地下室鬧鬼,9789862119273,國小高年級
蘿兒的家庭筆記,9789864492350,國小高年級
養心1：消失的生死玦,9789575039660,國小高年級
當我們同在一起,9789863383451,國小高年級
奇怪的滅絕動物超可惜！圖鑑,9789573286868,國小高年級
少年偵探法律事件簿1：等價交換,9789864491957,國小高年級
墓園女孩,9789570487596,國小高年級
12月的暑假：健太與小實的冒險日記,9789863980261,國小高年級
我們一起走，迪克,9789863526223,國小高年級
月光下的藏人尋,9789864503162,國小高年級
童話莊子,9789862117002,國小高年級
世界第一的草莓,9789869685153,國小高年級
我們的狗，阿拉斯加,9789865250294,國小高年級
梵谷兄弟,9789869861793,國小高年級
SURVIVE最強的生存術：效法72種動物的生存優勢，創造最強的生存方式！,9789864435302,國小高年級
程式特攻隊1：二進位機器鳥,9789864795444,國小高年級
什麼啦！這也是資訊科學,9789869724005,國小高年級
STEAM科學好好玩：史萊姆、襪子離心機、野餐墊相對論……隨手取得家中器材，體驗12大類跨領域學科，玩出科學腦,9789869563666,國小高年級
遇見骨早人,9789860549904,國小高年級
城市自然小偵探：田園老師的校外自然課,9789864792467,國小高年級
光音熱大魔術(全新版),9789863383390,國小高年級
蔬菜是怎麼長大的呀？,9789865730093,國小高年級
假面淑女—威王偵探社,9789863381310,國小高年級
妹妹的新丁粄,9789574449507,國小高年級
不想說再見,9789869563659,國小高年級
大番薯的小綠芽：台灣月曆的故事,9789570845112,國小高年級
一點點機會,9789864793167,國小高年級
孤女努力記,9789863382188,國小高年級
戰火下的小花,9789865505523,國小高年級
新來的同學,9789578544789,國小高年級
天才少女福爾摩斯 1：消失的侯爵,9789576583711,國小高年級
晨讀10分鐘：嘆為觀止！科學故事集6,9789862412022,國小高年級
五年五班，三劍客,9789862110294,國小高年級
青蛙不簡單（新版）,9789865250003,國小高年級
神奇柑仔店12：神祕人與駱駝輕鬆符,9786263051430,國小高年級
哪個是哪個？動物比較圖鑑,9789862162453 ,國小高年級
逃離吧!腳就是用來跑的,9786263052178 ,國小高年級
西貢小子,9789579095389 ,國小高年級
怪咖老師的神祕時間,9789570864885 ,國小高年級
科學不思議5：隨機現象調查團,9789575037154 ,國小高年級
一箭之遙,9789573297130 ,國小高年級
我也是臺灣人,9789865581572 ,國小高年級
暴風雨男孩,9786267000168 ,國小高年級
冰花之蜜,9789865513832 ,國小高年級
小頭目優瑪1：迷霧幻想湖,9789869188111 ,國小高年級
下雨的書店之降雨者,9786267000595 ,國小高年級
來去世界各地逛市場,9789573296386 ,國小高年級
穿越故宮大冒險6：快雪時晴帖神乎其技,9789865251802 ,國小高年級
阿德蝸的海洋學堂：天使的藍眼淚,9789865581091 ,國小高年級
小大人的公衛素養課：流行病學×預防醫學,9786263050815 ,國小高年級
如果三隻小豬懂經濟學：小學開始就該懂的經濟學概念,9789865073701 ,國小高年級
我的非洲家人,9789865251963 ,國小高年級
張曼娟成語學堂Ⅰ：尋獸記,9789869473736 ,國小高年級
故事臺灣史1：10個翻轉臺灣的關鍵時刻,9789575034948 ,國小高年級
給孩子的解答之書：解開孩子好奇心的60個問答,9789573293330 ,國小高年級
故事臺灣史4：22個代表臺灣的關鍵事物,9789575036102 ,國小高年級
遇見我的天使男孩,9789865505615 ,國小高年級
病毒不是故意的？！:認識傳染病大小事,9789865251338 ,國小高年級
十三歲新娘,9789575706470 ,國小高年級
喂，穿裙子的！,9789575749217 ,國小高年級
爸爸失業了,9789578624979 ,國小高年級
阿公的紅龜店,9789570835328 ,國小高年級
山珍海味文學宴,9789864492220 ,國小高年級
瞎掰舊貨攤1：斷尾虎爺,9786263051324 ,國小高年級
一起演奏吧,9789862139370 ,國小高年級
童話陪審團－刑法篇：偷親睡美人的王子，你有罪！,9786263053014 ,國小高年級
童話陪審團-民法篇:小美人魚，你的交易不合法！,9786263053021 ,國小高年級
我家開戲院,9789570835670 ,國小高年級
跟著老爺爺的味道走,9789864503667 ,國小高年級
館中鼠,9789864504763 ,國小高年級
頑皮故事集,9789574446742 ,國小高年級
代做功課股份有限公司,9789579680493 ,國小高年級
學校沒有教的公民課：與世界接軌，認識權力,9789864403035 ,國小高年級
少年偵探法律事件簿2：一罪不二審,9789864492039 ,國小高年級
送報生的夏天,9789863205395 ,國小高年級
一個阿富汗女孩的故事之帕瓦娜的旅程,9789863380665 ,國小高年級
聯合國都在做什麼？,9789570855043 ,國小高年級
不可不知的國際條約：了解後就能秒懂國際新聞,9789570855050 ,國小高年級
漫畫大英百科【文明文化5】：未來職業,9789576587085 ,國小高年級
救命英雄：12位緊急救援工作者的一天,9789579529938 ,國小高年級
自由，是什麼呢？,9789866215124 ,國小高年級
哆啦A夢知識大探索3：天然災害防護罩,9789573292937 ,國小高年級
1度C究竟有多熱？關於溫室效應帶來的氣候危機,9789577627438 ,國小高年級
小米小麥與小墨,9789864439416 ,國小高年級
我說話像河流,9789869873611 ,國小高年級
圖書館裡的祕密,9789576586521 ,國小高年級
玻璃小孩吉賽兒,9789869987523 ,國小高年級
湖中之光,9789864492510 ,國小高年級
從0開始圖解西洋名畫,9789864438662 ,國小高年級
菲姬闖世界,9789864492077 ,國小高年級
17個改變世界的方法：圖解聯合國永續發展目標SDGS,9789865255961 ,國小高年級
大堡礁,9789865252090 ,國小高年級
桂花雨,9789861892160 ,國小高年級
Look！米勒爺爺的名畫,9789574741168 ,國小高年級
幽浮小姐的烘焙坊,9789863381822 ,國小高年級
奇想三國4：少年魚郎助孫權,9789862415849 ,國小高年級
貓戰士首部曲II:烈火寒冰,9789864438792 ,國小高年級
蘭亭序是怎麼到博物館？,9789869639705 ,國小高年級
再見小紅帽,9789861893471 ,國小高年級
張曼娟成語學堂I：我是光芒,9789869473767 ,國小高年級
窗邊的小荳荳,9789869201346 ,國小高年級
媽，我來看你了,9789575749422 ,國小高年級
銅山國王,9789863448990 ,國小高年級
天上掉下來的橫禍：少年科學偵探CSI 13,9789862034545 ,國小高年級
黑熊太胖了怎麼辦? :你不知道的動物園小祕密,9789865588472 ,國小高年級
科倫坡的狼王：西頓動物故事,9789864795154 ,國小高年級
飛越戰火的女孩,9789864792979 ,國小高年級
14-14 穿越時空的來信,9789863381372 ,國小高年級
想睡的男孩：尼諾的追夢之旅,9789867292582 ,國小高年級
永恆的童話:宮澤賢治短篇集,9789861615455 ,國小高年級
來自古井的小神童,9789869300711 ,國小高年級
神祕臭禮物,9789863382577 ,國小高年級
月光三部曲II：巨靈動員令 ,9789860653984 ,國小高年級
月光三部曲III：回家之路1947 ,9789860653991 ,國小高年級
古靈精怪：變身,9789869533591 ,國小高年級
阿德蝸的海洋學堂：鮫人的珍珠淚,9789865581015 ,國小高年級
巴黎鐵塔是等腰三角形？：形狀與對稱的觀察,9786267208083 ,國小高年級
10歲開始學理財,9789864799343 ,國小高年級
WHY？細菌與病毒,9789865539863 ,國小高年級
一星期的變奏曲,9789863382775 ,國小高年級
哆啦A夢科學大冒險2：穿梭恐龍異時代,9789573288428 ,國小高年級
史上最勵志！改變世界的50位名人獎,9789869674768 ,國小高年級
再見信天翁,9789869718660 ,國小高年級
竹筍炒肉絲國王,9789869641708 ,國小高年級
老爸練習曲,9789866634857 ,國小高年級
來自星星的小偵探.1，我不是討厭鬼,9789862117248 ,國小高年級
暑假最難忘的事：呼請神明來幫忙,9789863380771 ,國小高年級
寫給兒童的文明史1：奇妙的語言世界,9789574904372 ,國小高年級
10歲開始學政治,9789864799350 ,國小高年級
小選舉大作戰：關於那場自治市小市長的選舉,9786269583263 ,國小高年級
仙人掌女孩,9786263052239 ,國小高年級
吹夢巨人,9789865256852 ,國小高年級
兒童創意思考五十問：創意有方法可以學習嗎?,9789574905522 ,國小高年級
烏龜也上網,9789570841725 ,國小高年級
廁所幫少年偵探10：古屋夏日謎團,9786267237359 ,國小高年級
寫給小學生看的AI課：看完故事秒懂AI人工智慧 ,9786263580763 ,國小高年級
澎湖直播 ONLINE,9789860653953 ,國小高年級
學生一定要認識01 西方科學家,9789860670974 ,國小高年級
學生一定要認識02 西方發明家,9786269567133 ,國小高年級
鯨魚少年之歌：《手斧男孩》作者最後的冒險故事,9789863847960 ,國小高年級
大山小學堂1：半個老大,9786263053366 ,國小高年級
世界中的孩子5：為什麼會有權利與平等？,9786263053076 ,國小高年級
世界中的孩子6：為什麼要遵守規則並負責任？,9786263053069 ,國小高年級
世界中的孩子7：為什麼要尊重文化多樣性？,9786263053045 ,國小高年級
世界中的孩子8：為什麼要保護我們的地球？,9786263053052 ,國小高年級
泡泡男孩,9789863385141 ,國小高年級
哇！這是怎麼蓋出來的？,9786267000670 ,國小高年級
小學生的調查任務：發現驚奇圖書館 ,9786263054691 ,國小高年級
數學破案神探1-怪盜羅蘋的數字謎團,9789575215736 ,國小高年級
末日恐龍王：地球的五次生物大滅絕,9789575034535 ,國小高年級
暴龍遇到雞：動物的祖先與演化,9789575030674 ,國小高年級
驚魂奧運會：物競天擇與適應,9789575035716 ,國小高年級
3號坑道的騙局,9789865581220 ,國小高年級
山海經裡的故事2：南山先生的不傳祕方,9789570855722 ,國小高年級
大盜賊第一次出動：磨豆機失竊事件,9789865566593 ,國小高年級
我家的神鬼老大,9789865988203 ,國小高年級
癡人,9789862117255 ,國小高年級
神奇酷數學（6）：圖形與空間的變幻世界,9789863201458 ,國小高年級
神奇酷數學（4）：來玩數與量推理,9789863200918,國小高年級
來自天堂的暑假作業,9789574447312 ,國小高年級
給兒童的小六法全書：40堂法律必修課,9786267177464,國小高年級
君偉的怪奇報告,9786263051881,國小高年級
毛公鼎是怎麼到博物館？,9789869225939,國小高年級
古靈精怪:花魂,9789865581787 ,國小高年級
奇想三國3：影不離燈照孔明,9789862415863 ,國小高年級
柳林風聲,9789865505202,國小高年級
科學不思議 3: 好想去月球,9789575033941 ,國小高年級
穿越故宮大冒險.7，驚天動地多寶格,9789865255817,國小高年級
【社會發生什麼事？】歧視：只是玩笑話，為什麼不能說？,9786267188095,國小高年級
少年讀臺灣: 臺灣史 ,9789865256883,國小高年級
戰場來的信,9789860784602,國小高年級
神奇酷數學（3）：分數與小數的運算祕密,9789864798704,國小高年級
妖怪新聞社：月光恐慌事件,9789869148566,國小高年級
小島經濟學：關於魚(金錢)、漁網(資本)、儲蓄及借貸的經濟寓言,9789576580949 ,國小高年級
投資金律：建立獲利投資組合的四大關鍵和十四個關卡,9789862354834 ,國小高年級
哭神,9786267271575,國小高年級
【地球小公民】我們是數位新世代：善用網路，保護自己，培養獨立思考的關鍵能力！,9786267038925 ,國小高年級
哆啦A夢科學任意門 :超強能源尋寶機 ,9789573279273,國小高年級
撒種人,9789865582487,國小高年級
前進吧！游泳隊,9786263059733,國小高年級
大家的嘆氣圖鑑,9786263556621,國小高年級
哆啦A夢知識大探索10：SDGs地球護衛隊,9786263612327,國小高年級
出發吧！環遊世界國家公園,9789865250331,國小高年級
阿德老師的科學教室2動物妙事多,9789861615967,國小高年級
魔法十年屋2：我把時間送給你,9786263050280,國小高年級
神奇樹屋1：恐龍谷大冒險,9789864796977,國小高年級
神奇樹屋8：漫遊到月球,9789864797042,國小高年級
怪傑佐羅力11：怪傑佐羅力之恐怖的禮物,9789862412978,國小高年級
怪傑佐羅力21：怪傑佐羅力之超級有錢人,9789862416686,國小高年級
狐狸澡堂1：誰闖進來了,9789577518378,國小高年級
仙島小學1：桃花源大考驗,9789865535797,國小高年級
楓之谷數學神偷6：開往地府的船,9789863420040,國小高年級
妖怪醫院1：妖怪也會感冒,9789869366823,國小高年級
橡皮擦男孩,9789570487770,國小高年級
文具精靈國2：誰叫我是萬人迷!,9789862119228,國小高年級
招財貓與發光小菇,9789865731823,國小高年級
好骨怪成妖記,9789579047760,國小高年級
神奇柑仔店1：帶來幸福的錢天堂,9789575033552,國小高年級
書桌和文具 : 怎麼活用才好呢?,9789865566586,國小高年級
NHK小學生自主學習科學方法：（1）意想不到的觀察,9789865503338,國小高年級
近視鼠三兄弟,9789860624274,國小高年級
吸墨鬼來了2：錯字飲料店,9789863201946,國小高年級
君偉上小學5：五年級意見多,9786263054110,國小高年級
達克比辦案12-雨林縱火犯：生物多樣性與熱帶雨林生態系,9786263053595,國小高年級
富小孩與窮小孩02：18堂孩子的財商金頭腦養成課,9789576589317,國小高年級
歡迎你的月經好朋友：給你的第一本青春期解惑書,9786267038093,國小高年級
合境平安,9789573338369,國小高年級
瞎掰舊貨攤２：子母雞大碗公,9786263051331,國小高年級
九歌110年童話選之未來會記得,9789864504138,國小高年級
搶救老師大作戰,9789864504961,國小高年級
九歌110年童話選之現在很珍惜,9789864504145,國小高年級
藝術這樣看,9789865258566,國小高年級
慢石榴,9789577519160,國小高年級
扭轉命運的汪喵咖啡館,9786263267497,國小高年級
香蕉行動：大衛．威廉幽默成長小說15,9786263202023,國小高年級
歡迎搭乘轉運計程車,9786269631285,國小高年級
小步小步走,9786267127971,國小高年級
媽媽不在家的一年,9786267000502,國小高年級
大開眼界！超好讀人類科技史,9786269576074,國小高年級
"圖解台灣懷舊雜貨：中小學生必讀的台灣老故事",9786263200548,國小高年級
趣解三十六計（上）,9786263177888,國小高年級
魔法十年屋特別篇1：修補記憶的改造屋,9786263051898,國小高年級
【全圖解】解決孩子的大煩惱1-小學生的憤怒管理練習課：不再被生氣控制，消除怒氣的43個技巧,9786263490239,國小高年級
達克比辦案10：鬼屋美人魚：人類構造的演化與返祖現象,9786263050488,國小高年級
密爾頓．赫爾希：巧克力天才,9789571463049,國小高年級
神奇酷地理6：不可思議的火山,9789865257484,國小高年級
穿越驚奇圖書館2：搶救天方夜譚說書人,9786263057142,國小高年級
可能小學的歷史任務Ⅰ：跟媽祖遊明朝,9789579095327,國小高年級
"給孩子的神奇仿生科學：醫療、再生能源、環保塑膠、永續建築…………未來厲害科技都是偷學大自然的！",9789863844921,國小高年級
神奇樹屋40：擁抱南極企鵝,9789864797370,國小高年級
超馬童話大冒險1：誰來出任務？,9789578423756,國小高年級
可能小學的藝術國寶任務1：代號：毛公行動,9789575034443,國小高年級
奇想三國2：萬靈神獸護劉備, 9789862415870 ,國小高年級
LOOK！各種角度看名畫,9789864403592,國小高年級
說謊男孩,9786269675661,國小高年級
達克比與世界未解之謎1：水怪貓騎士：尼斯湖水怪的疑案調查,4717211035627,國小高年級
超馬童話大冒險3：我們不同國,9789869803984,國小高年級
李潼童話－水柳村的抱抱樹,9786267350294,國小高年級
寫給孩子的氣候與天氣之書,9786263901933,國小高年級
終極太空探險地圖集,9789578722361,國小高年級
阿宅聯盟：量子危機,9789865259167,國小高年級
神奇貓町事件簿 1 : 貓群守護神生氣了!,9786267050170,國小高年級
程式特攻隊2：螺旋圖陷阱,9789864795451,國小高年級
神奇酷科學2：蟲的驚奇世界,9789864798872,國小高年級
楓之谷數學神偷5：破解關鍵密碼,9789862299128,國小高年級
神奇酷科學3：植物的求生本領,9789864798889,國小高年級
魔法十年屋6：貓學徒的實習時間,9786263056510,國小高年級
阿凡提的機智特訓班,9789577518958 ,國小高年級
亞斯瑟王與方桌武士,9786267271223,國小高年級
晨讀10分鐘：世界和你想的不一樣（附閱讀素養題本）,9789575034207,國中
餐桌上的地理課,9789571464602,國中
寫給年輕：法律的背後是愛,9789866039713,國中
山茶花文具店,9789861336275,國中
神奇酷科學 1 人體的運作祕密,9789862167830,國中
愛德華的神奇旅行,9789575708351,國中
地圖女孩．鯨魚男孩,9789862415917,國中
看漫畫，學論語,9789864790791,國中
詩魂,9789869319249,國中
"如果歷史是一群喵, 夏商西周篇",9789863842729,國中
中學生晨讀10分鐘：科學和你想的不一樣,9789575034337,國中
晨讀10分鐘：挑戰極限探險故事,9789862413722,國中
解憂雜貨店,9789573330127,國中
課堂上沒教的科學知識：60則令人拍案叫絕的故事,9789570531220,國中
一生必讀的十五個京劇經典故事,9789865915360,國中
留下來的孩子,9789864793624,國中
初心,9789578038646,國中
厭世廢文觀止：英雄豪傑競靠腰，國文課本沒有教,9789861372778,國中
超科少年01：力學奇葩牛頓,9789869248624,國中
圖解生理學：簡明易懂！你的第一本生理學入門書,9789864432059,國中
口琴使者,9789869248693,國中
廁所裡的哲學課：每天14分鐘，跟著蘇格拉底、笛卡兒、尼采等13位世界哲人，秒懂100個最經典的哲學思,9789869530507,國中
臺南巷子內：移民府城8年，細說建築與美食,9789864795598,國中
先別急著吃棉花糖,9861750061,國中
我的天才夢,9789573332763,國中
姊姊的守護者,9789570531213,國中
荒野探險隊－防災篇－RUN!災害應變小英雄： 火災、地震、颱風——漫畫圖解求生的關鍵時刻,9789869528498,國中
成績單,9789573263548,國中
目送,9789863870364,國中
親愛的安德烈,9789863870357,國中
給長耳兔的36封信：成長進行式,9789867282620,國中
單車迷魂記,9789862117354,國中
爬樹的魚,9789864790050,國中
自願被吃的豬：100個讓人想破頭的哲學問題,9789863446729,國中
醫生哪有這麼萌: Nikumon的實習生活全紀錄,9789573276227,國中
太空人的地球生活指南：夢想、心態、怎麼按電梯、如何刷牙，以及怎麼穿著方形裝備走出圓形的門,9789862135297,國中
出事的那一天,9789575706340,國中
好好照顧我的花,4713269129851,國中
淡藍氣泡,9789862166765,國中
親愛的孔子老師,9789866272004,國中
海獅說歐洲趣史：歷史課本一句話，背後其實很有事,9789861372792,國中
有一天,9789861897486,國中
小說課Ⅱ：偷故事的人,9789577517418,國中
漢字奇兵,9789863204480,國中
詞靈（仙靈傳奇2）,9789869453141,國中
故事課1：3分鐘說18萬個故事，打造影響力,9789573285229,國中
台南的樣子,9789866281501,國中
十五顆小行星,9789573266518,國中
風鳥皮諾查,9789573259992,國中
奇蹟男孩,9789862415559,國中
危險心靈,9789573332770,國中
我是馬拉拉 : 一位因爭取教育而改變了世界的女孩,9789868995000,國中
再見天人菊,9789570835687,國中
少年鱷魚幫,9789862415344,國中
臺灣味道,9789866490262,國中
野性的呼喚：傑克．倫敦小說選,9789866006555,國中
那又怎樣的一年,9789864791767,國中
少年PI的奇幻漂流,9789573324515,國中
數學零分的人,9789577273895,國中
作弊,9789573264859,國中
少年噶瑪蘭,9574901521,國中
實踐你夢想的第一本筆記書,9789869662734,國中
老鷹與我,9789865988418,國中
給中學生的生涯探索術：找到人生目標的關鍵探索力，從現在開始學習！,9789862416976,國中
少年夢工廠,9789578795341,國中
一看就懂！台灣博覽,9789578630390,國中
懲罰,9789868140615,國中
老師的十二樣見面禮 :一個小男孩的美國遊學誌,9789866873232,國中
母親的金手錶,9789574448227,國中
神奇酷數學 來玩幾何推理,9789863202097,國中
地海巫師,9789867399540,國中
再見木瓜樹,9789863200734,國中
13歲超能力,9789862164075,國中
偷書賊,9789866973420,國中
花現台南：貓編的追花筆記,9789863983774,國中
博士熱愛的算式,978986173681,國中
最後14堂星期二的課,9578468512,國中
青春第二課,9789574342310,國中
佐賀的超級阿嬤,9861340483,國中
馭風男孩,9789862164884,國中
哪啊哪啊 ~ 神去村,9789868703612,國中
傲慢與偏見,9789865671655,國中
Q&A(電影『貧民百萬富翁』暢銷原著小說),9789573323723,國中
喵星人森林──動物保護‧生態關懷文選,9789864491254,國中
向下扎根！德國教育的公民思辨課4－「什麼是難民、族群融合、庇護政策或仇外心理？ 」：看見他人困境的理,9789863445647,國中
元素生活：118個KUSO化學元素，徹底解構你的生活,9789573266211,國中
達爾文與小獵犬號之旅,9789863201410,國中
山豬．飛鼠．撒可努,9789578323872,國中
為了活下去 脫北女孩朴研美,9789862137192,國中
歷史課本不能說的祕密：世界一流人物的暗黑病史,9789571375205,國中
從謊言開始的旅程：熊本少年一個人的東京修業旅行,9789863841975,國中
安藤忠雄：永不放棄的建築大師,9789862164730,國中
看見自己的天才,9789864060399,國中
從身邊找昆蟲很有趣,9789861773889,國中
保育頑童的快樂童年筆記 希臘狂想曲1：追逐陽光之島（跨世紀自然文學經典│出版49週年紀念版）,9789863843009,國中
今天好嗎？公主殿下,9789869033442,國中
教科書裡的瘋狂實驗 漫畫物理,9789571199856,國中
月夜仙蹤,9789862166079,國中
小國王十二月,9789579361682,國中
愛呆西非連加恩,9861330011,國中
鯨生鯨世,9789861776446,國中
所羅門王的指環：與蟲魚鳥獸親密對話,9789862163757,國中
這一生，至少當一次傻瓜─木村阿公的奇蹟蘋果,9789861332987,國中
我的過動人生：昆蟲老師吳沁婕的追夢日記,9789869484411,國中
洞,9789862110096,國中
用九柑仔店(1-5冊),9789573286172,國中
超展開數學約會：談個戀愛，關數學什麼事！？,9789862356005,國中
地獄是可以克服的：一個台灣記者的311日本東北紀行,9789869581417,國中
燒杯君和他的化學實驗,9789573284543,國中
一個人的粗茶淡飯,9789869105279,國中
海鮮的真相,9789860574364,國中
帝國崛起：一場歷史的思辨之旅2,9789578039421,國中
秦始皇︰一場歷史的思辨之旅,9789578039117,國中
尋水之心,9789866104794,國中
自然課可以這麼浪漫： 李偉文的200個環境關鍵字,9789863843108,國中
別讓地球碳氣：從一根香蕉學會減碳生活,9789869611978,國中
原子有話要說！元素週期表 【原子公寓圖解版】,9789865956981,國中
藝術天才的巔峰對決：藝術史上遇強則強的競技傑作,9789579072014,國中
魔術師的大象,9789575709495,國中
眾神的遊樂園,9789869351904,國中
學校沒教的溝通課,9789864490196,國中
木乃伊不容易,9789887940661,國中
原來數學這麼漂亮,9789864790579,國中
逃難者,9789575030124,國中
失落的一角遇見大圓滿,9789865730956,國中
數學大騷動,9789861370989,國中
沒有人可以阻止我去全世界：輪椅少年的環遊世界大探險,9789861794204,國中
怪物來敲門,9789570840650,國中
我是漫畫家,9789863445692,國中
上一堂有趣的文學課：從莎士比亞到J.K.羅琳，你知道與不知道的經典故事,9789573278108,國中
寫給未來的日記,9789863980490,國中
神啊，祢在嗎？,9789575743734,國中
少年龍船隊,9789574901432,國中
我的爸爸是恐怖分子（TED Books系列） The Terrorist’s Son: A Stor,9789863981305,國中
公平與不公平,9789866215643,國中
21通電話：阿兵哥的深夜求救,9789862942123,國中
TAIWAN 368 新故鄉動員令(1)離島/山線：小野&吳念真帶路，看見最在地的台灣生命力,9789573271864,國中
走河,9789571374529,國中
我在你身邊,9789571466071,國中
數星星,9789863381341,國中
火星任務,9789863421559,國中
鐘樓怪人,9574598845,國中
小王子,9789571379708,國中
歡樂三國志,9789573330516,國中
贏家,9789862118092,國中
夏之庭,9578246161,國中
別告訴愛麗絲,9789869563079,國中
天氣之子,9789577433220,國中
你的名字,9789864734542,國中
第一百面金牌：少年總鋪師1,9789864502004,國中
媽祖回娘家,9789864501878,國中
中學生好享讀：世界文學大師短篇小說選【亞洲、美洲篇】,9789864796861,國中
中學生好享讀：世界文學大師短篇小說選【歐洲篇】,9789864796878,國中
中學生好享讀：諾貝爾大師短篇小說選,9789864796854,國中
公主不在城堡裡,9789869730990,國中
屋頂上的蘇菲,9789862118146,國中
安妮日記（漫畫版）,9789869601245,國中
繼承人遊戲,9789578544307,國中
記憶傳承人,9789575709853,國中
甲蟲男孩,9789869504799,國中
爛泥怪,9789862115510,國中
追蹤師：松林少年的追尋,9789863843306,國中
我是傑克，終結霸凌者,9789573272984,國中
宮崎駿：傳遞幸福的動畫大師,9789862167472,國中
銀河鐵道之夜,9789869664455,國中
打斷史達林的鼻子,9789863200659,國中
百變維琪,9789575747046,國中
阿國在蘇花公路上騎單車,9789869292009,國中
少年密碼師：克里斯提昂古堡解謎記,9789866749780,國中
橡樹部落I：托比大逃亡,9789863380191,國中
來不及閃耀的星星,9789575034979,國中
鯨武士,9789862168431,國中
我媽的異國婚姻,9789861336565,國中
弟弟追著恐龍跑：我和多了一條染色體的喬弟的故事,9789861754840,國中
長跑少年,9789864500758,國中
陶妖,9789575035570,國中
星空下的奇幻旅程：蜥蜴女孩&羊駝男孩,9789863209720,國中
貝納德的墮落（新版）,9789579609760,國中
鉛十字架的秘密,9789862168646,國中
達爾文女孩,9789862165386,國中
誰來當王妃,9789863380993,國中
愛麗絲鏡中奇遇,9789577517593,國中
被遺棄在喀布爾的少女,9789869319188,國中
來自監獄的信,9789864794058,國中
替身(新版),9789864794119,國中
江湖，還有人嗎？,9789573285861,國中
三鎖之門（穿越量子世界1）,9789869861717,國中
四力之路（穿越量子世界2）,9789869861731,國中
神偷阿嬤：大衛．威廉幽默成長小說1,9789861779171,國中
小鬼富翁：大衛．威廉幽默成長小說3,9789861779331,國中
修煉Ⅰ動物精的祕密,9789865988111,國中
修煉前傳：未知樹的預言,9789865641207,國中
一年櫻班 開學了,9789865505189,國中
再見了 老三甲,789865505196,國中
天地方程式1：誤闖隱身所,9789575035273,國中
少年讀紅樓夢（一）仙子有奇緣,9789576583469,國中
少年讀紅樓夢（二）才子佳人書,9789576584343,國中
少年讀紅樓夢（三）青春大觀園,9789576584350,國中
少年讀紅樓夢（四）愁眉嘆冷月,9789576584367,國中
少年讀紅樓夢（五）花落水自流,9789576584374,國中
蘭亭序密碼,9789865607357,國中
璇璣圖密碼,9789869394437,國中
長安十二時辰（上）,9789863614760,國中
長安十二時辰（下）,9789863614777,國中
有故事的唐詩：經典名句是這樣來的,9789869727884,國中
民國文人檔案，重建中,9789571381794,國中
也許你該看看張愛玲,9789869953016,國中
古人比你更會玩1,9789571383989,國中
古人原來這樣過日子：地表最強的66堂中國歷史穿越課,9789863447481,國中
怪奇事物所：你知道嗎？其實我們都很怪！,9789571375762,國中
吃一場有趣的宋朝飯局,9789571361376,國中
只是開玩笑，竟然變被告？：中小學生最需要的24堂法律自保課,9789576583896,國中
故事臺灣史3：20個奠基臺灣的關鍵地點,9789575036096,國中
故事臺灣史2：22個改變臺灣的關鍵人物,9789575034955,國中
臺灣 沒說你不知道：生活在這塊土地的你可以拿來說嘴的七十則冷知識,9789571065519,國中
風暴之子：失落的臺灣古文明,9789863194897,國中
古埃及24小時歷史現場：穿越時空，目睹由木乃伊師傅、失眠法老王、酒醉女祭司、專業孝女和菜鳥盜墓者主演的一日實境秀,9789570855593,國中
爆笑世界史： 潮讀45位名人反差，帶你一次上手世界史！,9789576583964,國中
OSSO～歐美近代史原來很有事,9789579314565,國中
一目了然的國際衝突,9789570854770,國中
世界貧窮：我們窮不是因為懶惰,9789570854183,國中
少了微生物，我們連屁都放不出來：細菌病毒如何決定人類的生活，以及我們該如何自保？,9789578567511,國中
如果生物課都這麼ㄎㄧㄤ！【動物知識噴笑漫畫】豬狗貓激萌演出，笑到你滿地找頭,9789863843627,國中
有怪癖的動物超棒的！圖鑑,9789573284321,國中
怪奇科學研究所：42個腦洞大開的趣味科學故事,9789571380902,國中
漫畫科普冷知識王：世界其實很有事，生活才會那麼有意思！,9789865025922,國中
跟大師學創造力1：伽利略的大發現+25個酷科學實驗,9789869486194,國中
生活物理,9789864438686,國中
超圖解生活科技：250種現代機器運轉的祕密,9789864799381,國中
神奇酷科學20生存競爭大演化,9789864799053,國中
神奇酷科學19:對抗傳染病大作戰,9789864799046,國中
愛上營養學圖解版：簡明易懂！你的第一本營養學入門書,9789864432547,國中
工作細胞 1,9789864701438,國中
工作細胞 2,9789864701445,國中
出發吧！人體探險隊：揭開身體消化道、泌尿系統、骨骼肌肉、心臟血管……不可思議的祕密,9789869308496,國中
減塑生活：與塑膠和平分手，為海洋生物找回無塑藍海,9789570532296,國中
生態建築可以怎麼做?,9789579121422,國中
心臟的故事：令人著迷卻又難以捉摸的生命核心,9789861372808,國中
從法醫到人醫,9789571382333,國中
那個病人，我人生的醫生,9789861337234,國中
拜託了！數學先生,9789863441069,國中
逆轉騙數,9789862894743,國中
有病的其實是我媽，卻要我去諮商,9789861373010,國中
"給中學生的時間管理術 : 一輩子都要擁有的時間掌握力,現在開始學習!",9789862416983,國中
給中學生的筆記整理術：一輩子都需要的資料統整力，現在開始學習！,9789863980285,國中
從玩紙飛機到上太空夢想教室,9789869360852,國中
你的人生難關，三國都發生過！：說書人用26則三國人物的生存故事，讓你看懂職場黑暗面、看清人性與成敗,9789865071257,國中
我用打工學習這個世界：有關挫折、辛酸、老闆、現實社會，以及工作的27種樣貌,9789861336954,國中
別讓現在的壞事，趕走未來的好事,9789861754567,國中
你，很好：接受過去的你，喜歡現在的自己,9789861755038,國中
神啊!我不想再努力了，請直接告訴我成功的方法吧!,9789861754901,國中
比鬼故事更可怕的是你我身邊的故事,9789861337159,國中
不乖：比標準答案更重要的事,9789573326847,國中
我要成為甜點師！：一個人，從東京開始的追夢旅程,9789573280613,國中
Toku。度咕 : 台灣囝仔的童年往事,9789863363439,國中
不懂神話，就只能看裸體了啊：認識藝術的快速鍵，逛美術館不再若有所思、腦袋空空,9789869405591,國中
神啊，每天來點希臘神話負能量：寫給年輕人的希臘神話故事，西洋藝術、文學、戲劇，都從這裡開始,9789579072564,國中
用電影說印度：從婆羅門到寶萊塢，五千年燦爛文明背後的現實樣貌,9789869598538,國中
蚵仔煎的身世：台灣食物名小考,9789862623121,國中
舌尖上的人生廚房：43道料理、43則故事，以味蕾交織情感記憶，調理人間悲歡!,9789570854060,國中
種樹的男人,9574555771,國中
漫畫巴萊：台灣第一部霧社事件歷史漫畫,9789573267515,國中
穿條紋衣的男孩,9789573324201,國中
想念五月,9789863381426,國中
決戰王妃,9789861334714,國中
黑鳥湖畔的女巫,9789862115862,國中
獵書遊戲,9789869333986,國中
不愛讀書不是你的錯,9789862138786,國中
故事學：學校沒教，你也要會的表達力,9789577518392,國中
臺南歷史地圖散步,9789860577792,國中
克雷的橋,9789863596288,國中
最有梗的理科教室：燒杯君與他的理科小夥伴,9789575035518,國中
神奇酷科學18奇妙的消化工廠,9789864799039,國中
修煉Ⅱ千年之約,9789865988128,國中
修煉Ⅲ穿越神異界,9789865988494,國中
歷史刺繡人,9789575709907,國中
天地方程式2：巫覡的考驗,9789575036737,國中
回到秦朝大冒險：穿衣吃飯，全部從頭學,9789571366555,國中
Good Luck當幸運來敲門,9789861336183,國中
怪盜亞森．羅蘋1：神祕旅客,9789578640238,國中
怪盜亞森．羅蘋2：怪盜與名偵探,9789578640245,國中
怪盜亞森．羅蘋3：皇后的項鍊,9789578640252,國中
怪盜亞森．羅蘋4：少女奧坦絲的冒險,9789578640276,國中
怪盜亞森．羅蘋5：813之謎,9789578640290,國中
名偵探福爾摩斯1：紅髮俱樂部,9789578640313,國中
名偵探福爾摩斯2：鵝與藍寶石,9789578640368,國中
名偵探福爾摩斯3：最後一案,9789578640375,國中
名偵探福爾摩斯4：跳舞人形暗號,9789578640382,國中
名偵探福爾摩斯5：巴斯克維爾的獵犬,9789578640399,國中
給中學生的口語表達術：一輩子都要擁有的口語表達力，從現在開始學習！,9789862416952,國中
給中學生的專題寫作術：一輩子都需要的關鍵寫作力，從現在開始學習！,9789862416969,國中
給中學生的情緒管理術：一輩子都需要的情緒調適力，現在開始學習！,9789863980278,國中
哈利波特(1)：神秘的魔法石,9789573335566,國中
哈利波特(2)：消失的密室,9789573335900,國中
哈利波特(3)：阿茲卡班的逃犯,9789573336099,國中
哈利波特(4)火盃的考驗,9789573336396,國中
哈利波特(5)鳳凰會的密令,9789573336921,國中
哈利波特(6)混血王子的背叛,9789573337546,國中
給中小學生的藝術史（雕塑篇）,9789865837938,國中
給中小學生的藝術史（建築篇）,9789865837969,國中
給中小學生的藝術史（繪畫篇）,9789865837891,國中
怪物的孩子,9789863668343,國中
魯蛇俱樂部,9789573281733,國中
好朋友大對決,9789573285656,國中
臨界點：歷劫核冬的少年,9789863381488,國中
湯姆的午夜花園,9789863381655,國中
冰海之鯨,9789863380931,國中
水滸傳,9789869724067,國中
金魚男孩,9789570487435,國中
漂流木男孩,9789866789243,國中
成為更好的自己：未來少年的18堂心理必修課,9789865535308,國中
盛唐美學課：七種主題，教你做個唐朝文化人,9789571385556,國中
神婆的歡喜生活,9789571393452,國中
穿越撒哈拉：流浪，走向風沙未竟之地,9789573334989,國中
阿米1：星星的小孩(二版),9789862137628,國中
阿米2：宇宙之心(二版),9789862137635,國中
阿米3：愛的文明(二版),9789862137642,國中
莎拉巴！致失衡的歲月（上）,9789864751266,國中
莎拉巴！致失衡的歲月（下）,9789864751273,國中
狼王羅伯：「動物文學之父」西頓不朽經典【完整收錄1898年初版手繪插圖90張】,9789570487411,國中
塔利班與女裁縫,9789866513398,國中
遇見莫那．魯道,9789865988746,國中
白玉苦瓜,9789574444939,國中
有關地理的100個知識,9789866260063,國中
為了與你相遇,9789861333991,國中
看得到的化學：你一輩子都會用到的化學元素知識,9789866526671,國中
中小學生經濟生活觀察日記：時間和金錢有限，學習做最好的選擇,9789577518590,國中
續．臺灣沒說你不知道：生活在紛擾年代，七十則包山包海、愛鄉愛土的冷知識,9789571081618,國中
神加了逗號的地方，別忙著改成句點：印度寓言集，比伊索寓言引人頓悟、比1001夜欲罷不能的「惑」然開朗處方。,9789865548520,國中
星期五的沒事教室,9789578544468,國中
台南小王子,9789577518583,國中
希望在這裡（三版）,9789862111475,國中
旅行，或許是該留些遺憾：我的步城文旅圖,9789869943673,國中
巷弄裡的台灣味：22道庶民美食與它們的故事,9789571385334,國中
那些生命中的微光,9789865250324,國中
今晚不背公式，只說故事：8位影響世界的臺灣研究學者,9789575036959,國中
有故事的宋詞：經典名句是這樣來的,9789869727877,國中
不去會死,9789866179266,國中
這樣的歷史課我可以：歐美近代史原來很有事2,9789865596361,國中
發現，臺灣風土之美,9789575749880,國中
戀愛動物圖鑑：令人驚訝又感動的有趣求婚特集！趣味十足的戀愛場面令人目不暇給、歡笑連連！,9789864012664,國中
撞臉動物圖鑑：相似度爆表的自然界動物,9789864756872,國中
超圖解微生物圖鑑：生物學家教你認識人類不可或缺的鄰居,9789865115487,國中
法布爾的微觀世界：昆蟲觀察X科學實驗X自然書寫,9789575036089,國中
以動物為鏡：12堂人與動物關係的生命思辨,9789864930951,國中
別讓世界只剩下動物園：我在非洲野生動物保育現場,9789864930883,國中
時光守護者,9789862133750,國中
許願地球儀,9789570856750,國中
甲蟲男孩2：女王再臨,9789575035228,國中
遇見虎靈的女孩,9789571470191,國中
聖誕樹,9789865569051,國中
橡樹部落II：艾莉莎的眼淚,9789863380207,國中
浴簾後,9789862111352,國中
82年生的金智英,9789864892655,國中
科學大師的求學、戀愛與理念(物理篇),9789861987248,國中
科學大師的求學、戀愛與理念(化學篇),9789861987255,國中
科學築夢大現場01：一起離開地球上太空！：ARRC自製火箭,9789869354554,國中
小錯誤大發明40個發明的小故事,9789866798634,國中
與十九世紀傑出女性科學探險家相遇：因為她們，世界變得更好,9789578423770,國中
燦爛千陽,9789866973635,國中
想把餘生的溫柔都給你,9789865100810,國中
來自天堂的第一通電話,9789862135419,國中
回憶當鋪,9789866104329,國中
時光膠囊株式會社,9789869555814,國中
回憶修理工廠,9789573337201,國中
獅子的點心：2020本屋大賞TOP2！小川糸全新小說，感淚必至！,9789865101626,國中
國學潮人誌，古人超有料——12位最強男神女神，成敗起伏的生命中，有哪些與眾不同的求生姿態、不同的「潮」,9789863447535,國中
動物教我成為更好的人：不管有幾隻腳，都要在人生道路上勇敢的前進,9789863616993,國中
111個最難忘的故事(第一集),9789869550895,國中
111個最難忘的故事(第二集),9789869608954,國中
最好不過日常：有時台北，有時他方,9789573334668,國中
晨讀10分鐘：酷少年故事集,9789575036867,國中
晨讀10分鐘：你的獨特，我看見,4717211028599,國中
臺諺55走跳江湖：臺灣俗諺教會我的處世眉角,9789573289920,國中
漬物語,9789862137390,國中
妖怪、神靈與奇事：台灣原住民故事,9789570847222,國中
羊男的迷宮【電影15週年紀念插圖版】,9789573337126,國中
貓臉少女,9789869653343,國中
傀儡花,9789863870777,國中
芭蕾的故事：古典舞蹈的故事、音樂和魔法,9789866833809,國中
這就是德國人：從食衣住行育樂了解德式生活,9789863363200,國中
這麼蠢的話 為什麼你會相信：別讓謠言擊垮你,9789865541989,國中
病態型自戀：假面閨密、危險情人、慣老闆、控制狂父母、親情勒索……法國頂尖心理師教你如何從50個日常生活場景破解自戀型人格疾患，從有毒關係中重生,9789863449652,國中
運動營養學超入門（暢銷修訂版）,9789864430932,國中
完美食物攝影指南：52堂讓人想咬一口的攝影必修課,9789864087167,國中
幸福瘦：不節食、不復胖，從心開始的23堂療癒減重對話,9789869898980,國中
111個最難忘的故事(第三集),9789869608961,國中
111個最難忘的故事(第四集),9789869639859,國中
成語動物學【鳥獸篇】：閱讀成語背後的故事,9789864778652,國中
成語動物學【蟲魚傳說動物篇】：閱讀成語背後的故事,9789864778645,國中
歷史上的大人物：來認識這世上最不凡、聰明、勇敢的人物吧！,9789571369938,國中
改變歷史的50條鐵路,9789864590766,國中
從車諾比到北韓，12個瘋狂的冒險故事,9789862895467,國中
故事許願機：你許一個願，我用一個真實人生故事回答你,9789863873969,國中
故事裡的不可思議：體驗兒童文學的神奇魔力,9789863570813,國中
遇見鈔票(4版),9789861214924,國中
論語故事輕鬆讀,9789868458215,國中
老爸的剪紙課,9789864590575,國中
紅瓦房(三版),9578211333,國中
蔬果歲時記,9789865813826,國中
費波納契的兔子：50個改變歷史的數學大觀念,9789869956376,國中
茶水間的數學：學校這樣教數學就好了，光靠死背沒有用，每個公式、定理，都是一則思考的故事(暢銷30年重版新書)(三版),9789869481120,國中
數學大圖鑑：伽利略科學大圖鑑1,9789864612352,國中
用故事的方式學幾何,9789869408110,國中
用故事的方式學數學,9789869393393,國中
番薯原來是外國人：種出來的37堂植物課,9789577518156,國中
有關戰爭的100個傳奇,9789865864392,國中
歐洲鈔票故事館（2版）,9789577637086,國中
亞洲鈔票故事館(2版),9789571194127,國中
美洲與大洋洲鈔票故事館,9789577632234,國中
冷知識背後的熱思考：啾啾鞋教你幫大腦開外掛的30個法則,9789864779611,國中
我的第一套世界文學13：小氣財神,9789863597513,國中
我離開之後：一個母親給女兒的人生指南，以及那些來不及說的愛與牽掛。,9789576581502,國中
認得幾個字,9789866873379,國中
花街樹屋,9789865896355,國中
後院有兩棵蘋果樹,9789862136157,國中
尋找阿嘉莎,9789863206989,國中
野花散步,9789863209140,國中
我媽說,9789869237192,國中
逃／我們的寶島，他們的牢,9789571355559,國中
植物博物館,9789869460361,國中
再被狐狸騙一次,9789570835885,國中
騎狼女孩,9789862118290,國中
半個地球的距離,9789863381211,國中
全世界最感人的生物學：用力的活，燦爛的死,9789861337401,國中
河馬教授說故事：大自然裡的生命教育,9789862417621,國中
土壤的救贖：科學家、農人、美食家如何攜手治療土壤、拯救地球,9789869296168,國中
在說出再見之前,9789865102173 ,國中
家常好日子,9789573338895 ,國中
天長地久：給美君的信,9789863983330 ,國中
走路：獨處的實踐,9789571399454 ,國中
大江大海一九四九,4717211008577 ,國中
孩子你慢慢來,9789863870340 ,國中
當老樹在說話：那一年，他們在台南種下的樹,9789866281662 ,國中
哲學樹之旅：漫漫走過千年之路,9789869818858 ,國中
讓高牆倒下吧,9789570814118 ,國中
爸爸的十六封信,9789577515025 ,國中
國文爆卦公社：腦洞大開的19堂古文說書課,9789571474854 ,國中
你好，我是接體員,9789864061419 ,國中
小鬱亂入，抱緊處理,9789861336121 ,國中
茶桌異聞 :從送肉粽到紅眠床34則鹿港怪談紀實,9786263047426 ,國中
德意的一年,9789571395784 ,國中
人生需要酒肉朋友：一起吃飯，不見不散！,9789863986577 ,國中
一個旅人，在西拉雅：遇見台式生活美感,9789861795706 ,國中
臺灣原住民的神話與傳說(1)：泰雅族、布農族、鄒族,9789860674835 ,國中
臺灣原住民的神話與傳說(2)：阿美族、卑南族、達悟族,9789860674866 ,國中
臺灣原住民的神話與傳說(3)：魯凱族、排灣族、賽夏族、邵族,9789860674873 ,國中
好想吃一口：餐桌上的世界地圖,9789865254643 ,國中
晨讀10分鐘 :未來世界我改變,9786263050020 ,國中
晨讀10分鐘 :做自己，不一定要叛逆,9786263052154 ,國中
原來生命習題還能這麼解?!：26種青春必備的哲學思考法,9789865505042 ,國中
"Nala's world,最幸福的旅程 :一人一貓的單車環球冒險",9786263180130 ,國中
走吧!旅途中或許能找到不同的答案：我在徒步環島中，遇見那些別人眼中的自己,9786263291621 ,國中
一不小心就被吉：白話的生活法律對策,9789864061389 ,國中
章魚法官來說法：法律原來可以這麼容易懂！法官媽媽+律師爸爸給孩子的33堂實用法學素養課,9789863448648 ,國中
古人原來這樣過日子2：腦洞超開的40則中國歷史冷知識——從蹲坑必備品到防偽標識、從社畜打卡到後宮大型遊戲……學校沒教的古人日常大搜密,9789863448839 ,國中
人生自古誰不廢：或懷才不遇，或落榜情傷，古代魯蛇的人生堅強講義,9789861372563 ,國中
胖古人的古人好朋友,9789577518866 ,國中
"吃的台灣史 :荷蘭傳教士的麵包,清人的鮭魚罐頭,日治的牛肉吃法, 尋找台灣的飲食文化史。",9789862625125 ,國中
NHK中小學生反霸凌教室(1-3),9789865078584 ,國中
漫畫教科書：生活智慧王①,9789862035443 ,國中
漫畫教科書：生活智慧王②,9789862035481 ,國中
漫畫教科書：生活智慧王③,9789862035511 ,國中
漫畫教科書：生活智慧王④,9789862035580 ,國中
漫畫教科書：生活智慧王⑤,9789862035658 ,國中
漫畫教科書：生活智慧王⑥,9789862035740 ,國中
早知道就不去吃了！20場翻轉中國歷史的暗黑飯局,9789860769470 ,國中
贖罪,9789573327219 ,國中
少女,9789573327974 ,國中
唐朝有嘻哈：唐詩Hip-Hop新解。從海選到決賽，直播大唐國民詩人freestyle說唱現場 ＆ 燃炸battle戰,9789863843245 ,國中
學霸養成記：歷代學子的逆襲之路,9789571398433 ,國中
"陳郁如的食,味,情手札：我的一簾柿餅",9786263050938 ,國中
這些皇帝很有事：嚴謹史實 ╳趣味八卦，中國最有梗的歷史猛料,9789863616535 ,國中
血型小將ABO,9789571351926 ,國中
血型小將ABO2,9789571354392 ,國中
血型小將ABO3,9789571354798 ,國中
血型小將ABO4,9789571357706 ,國中
血型小將ABO5,9789571357980 ,國中
血型小將ABO6,9789571358857 ,國中
血型小將ABO7,9789571360072 ,國中
血型小將ABO8,9789571368405 ,國中
血型小將ABO9,9789571369372 ,國中
血型小將ABO10,9789571370538 ,國中
我的生活趣味生物知識,9789865819897 ,國中
生物異世界：香蕉為什麼沒有籽,9789865819774 ,國中
甲蟲男孩3：最終決戰,9789575037161 ,國中
天空的眼睛,9789570840278 ,國中
泡泡紙男孩,9789869163859 ,國中
銀劍,9789865513795 ,國中
臺南青少年文學讀本：小說卷,9789869581455 ,國中
愛情躍然紙上,9786263162129 ,國中
深夜小狗神祕習題,9789867291110 ,國中
長生石的守護者,9786267000250 ,國中
把好事說成好故事：在實務上踏實，在想法上跳躍，ESG、SDGs必備,9789865257514 ,國中
拒絕平庸,9789864071500 ,國中
在異國餐桌上旅行,9789862728598 ,國中
我就是忍不住笑了,9789573329176 ,國中
大鐘抓小偷,9789574448265 ,國中
學霸不告訴你的用功術,9789578602915 ,國中
非懂不可！青春害羞小煩惱,9789865556037 ,國中
學習如何學習,9789863596585 ,國中
火來了，快跑,9789864062416 ,國中
洗車人家,9789864062072 ,國中
中國歷史智謀故事,9789867648037 ,國中
上一堂人生國文課：希望老師有教我的事，關於際遇、抉擇、傷痛，以及無論順逆都能優雅起身,9789573294016 ,國中
短褲女孩的青春週記,9789864502578 ,國中
小小銀行家的46個法寶,9867763971 ,國中
生活科技，原來如此！：拆解孩子最好奇的家電、手機、3D列印機、太陽能、人造衛星……學習科學知識,9789869330510 ,國中
我愛讀天文的故事,9789864792726 ,國中
天天在家玩科學：19類、共365個超有趣物理化學實驗，孩子在家就能當個小小科學家！,9789862728529 ,國中
科學小學堂：你一定要知道的288個生活常識,9789862031957 ,國中
你管別人怎麼想：科學奇才費曼博士,9789864794836 ,國中
只是開玩笑，竟然變被告2：中小學生和老師家長都需要的法律自保課,9789576586958 ,國中
張曼娟成語學堂I：爺爺泡的茶,9789869473774 ,國中
中學生好享讀：莎士比亞故事選(上),9789863202882 ,國中
管家琪經典文學六書：儒林外史,9789575746216 ,國中
青春動力學：41個喚醒內在原力，找到夢想支點的起手式,9786263052802 ,國中
民間傳說：故事的寶庫,9789575744410 ,國中
天橋上的魔術師,9789868781900 ,國中
透明的螺旋,9789573339137 ,國中
少年讀成語故事1：自然篇,9789865252854 ,國中
少年讀成語故事2：概念篇,9789865252861 ,國中
少年讀世說新語1：亂世中的堅持,9789865252946 ,國中
少年讀世說新語2：人性中的至情,9789865252953 ,國中
少年讀世說新語3：思潮下的智慧,9789865253776 ,國中
念念時光真味,9789861336770 ,國中
噬罪人,9789863421146 ,國中
噬罪人Π試煉,9789863422709 ,國中
富國的富孩子，窮國的窮孩子,9867882326 ,國中
動動腦，賺大錢,9789867882981 ,國中
化學隱藏版:化學原理好簡單！,9789574516186 ,國中
大導演――李安的故事,9789576635540 ,國中
林懷民的故事: 雲門舞集之父,9789576636318 ,國中
黑女孩,9789862354940 ,國中
茉莉人生1:我在伊朗長大,9789869720380 ,國中
茉莉人生2:我在伊朗長大,9789869720397 ,國中
青銅葵花,9789867188168 ,國中
沒有名字的男孩,9789570856057 ,國中
小偵探愛彌兒,9789578544154 ,國中
LOVE台南：在台灣的京都吃喝玩樂,9789571083414 ,國中
不要忘記我: 我與阿茲海默阿嬤的公路逃亡之旅,9786263150607 ,國中
少年讀史記1：帝王之路,9789865252359 ,國中
少年讀史記2：霸主的崛起,9789865252366 ,國中
少年讀史記3：辯士緃橫天下,9789865252373 ,國中
少年讀史記4：絕世英才的風範,9789865252380 ,國中
少年讀史記5：漢帝國風雲錄,9789863203506 ,國中
台南巷框：遇見文學大師葉石濤的時光散步,9789862487235 ,國中
黑色之光：葉石濤文學地景作品選集(三),9789860566789 ,國中
來去府城透透氣：一九三○～一九六○年代文青醫生吳新榮的日常娛樂三部曲,9789869656948 ,國中
小方框裡的大台南：從郵票述說台南府城的故事,9789570530964 ,國中
樂居台南：魚夫手繪鐵馬私地圖,9789862418390 ,國中
微胖生存學：別讓體重決定妳的美,9789861338019 ,國中
生而為粉，我很幸福：有趣爆棚的粉絲內心話，有「推」的人生最美麗,9789861756455 ,國中
義大利繪旅行,9789863590248 ,國中
今天也要去見殺人犯 :韓國犯罪側寫師眼中的人性故事,9789862489765 ,國中
"動物醫生的熱血日記 :貓咪,倉鼠到蜥蜴, 66個最新奇動人的生命故事",9789864773428 ,國中
億萬商機人造肉：從培養皿到餐桌，席捲全球的未來飲食新革命！,9789863619833 ,國中
文藝復興很有事,9789864013913 ,國中
最勇敢的格林童話：奇異的旅程,9789865829438 ,國中
激流三勇士,9789865863418 ,國中
尋找心靈深處的感動,9789571353470 ,國中
在世界地圖上找到自己,9789864791347 ,國中
艾爾摩莎的瑪利亞,9789571393100 ,國中
博物館與它的產地,9786263052031 ,國中
GOOD！古的工藝有智慧：古人也愛玩STEAM！ 25種解決生活難題的巧發明,9789577518873 ,國中
很冷很冷的冷知識：包山包海，有趣有料，不爆冷門，不潑冷水，電擊你僵化的心智,9789863924586 ,國中
都是李雅莉：「約會暴力」──誰都可能受害，卻誰也不敢說,9789864061907 ,國中
不知道的都叫樹,9786267118498 ,國中
SDGs：我們想要的未來【2022增訂版】：17項永續發展目標＆國際實踐範例,9789869113274 ,國中
螞蟻的生存哲學,9789866129414 ,國中
地震100問：最強圖解X超酷實驗 破解一百個不可思議的地科祕密,9789575035723 ,國中
SDGs系列講堂 跨越國境的塑膠與環境問題：為下一代打造去塑化地球我們需要做的事！,9786263292161 ,國中
SDGs系列講堂 全球氣候變遷：從氣候異常到永續發展目標，謀求未來世代的出路,9786263291164 ,國中
SDGs系列講堂 零廢棄社會：告別用過即丟的生活方式，邁向循環經濟時代,9786263294226 ,國中
藝術的故事：世界最偉大的繪畫和雕刻,9789866049873 ,國中
九尾狐餐廳：牽絆的奶油料理,9786269711581 ,國中
溫泉鄉青春曲,9789865102715 ,國中
騎驢少年：人生不是一場旅行,9786263611825 ,國中
大清官宦沉浮,9789578219588 ,國中
大清皇權遊戲,9789578219557 ,國中
老師沒教的歷史腦補課：節日×建築×發明×文化，那個沒有3C產品的年代，看古人如何從生活中找樂子,9786263320512 ,國中
楚亡：從項羽到韓信,9789570841701 ,國中
包公哪有那麼黑：你所不知道的包青天,9789571369600 ,國中
清藏住持時代推理：當和尚買了髮簪,9789869429856 ,國中
課本沒教的天災日本史：地動山搖噴火海嘯 從歷史發現古人的防災智慧,9789573279631 ,國中
古人爆料公社：韓愈吃硫磺？李清照好賭？乾隆最愛cosplay？超有事歷史真相大揭秘,9789865534325 ,國中
三體,9789862626146 ,國中
我們想要的未來3 企業的SDGs成功術：實踐SDGs，不只能賺錢、還能改變未來世界！,9786269629725 ,國中
拿回我們的未來：年輕氣候運動者搶救地球的深度行動,9789571395777 ,國中
海洋的極端生物,9789869480208 ,國中
神廟逃亡：穿越時空，揭開世界古文明的祕密,9789869268462 ,國中
尼采哲學超圖解：從上帝已死、超人到永劫回歸，鍛鍊生命力的66個尼采哲思，讓心變強大的終極解方,9786267191521 ,國中
原子大作用,9789575708290 ,國中
大人不敢跟我們說的秘密,9789863589501 ,國中
我的丈夫其實是女生 ,9786263169135 ,國中
不生氣之後變身有錢人,9786267181447 ,國中
鬼男孩,9789864492688 ,國中
希臘美食史：眾神的禮物,9786269657773 ,國中
陰陽眼大夫,9789865581749 ,國中
少年f臉書奇遇記：一位失意少年的校園翻轉學習和社群網路歷險記,9789869590617 ,國中
千本鳥居百萬神：從30座神社解讀日本史,9789570532067 ,國中
聽說勇者才有資格吃孔雀？：有時美妙，有時臭臭，你不知道的歐洲趣味史之超有事日常,9786263104358 ,國中
鈴芽之旅,9786263522770 ,國中
奇蹟機器狗 ,9786267281086 ,國中
維修專門店貓庵：為需要的人提供肉球,9789863618263 ,國中
印記 第一部：祕密與審判,9789862744673 ,國中
印記 第二部：引戰之火,9789862744871 ,國中
印記 第三部：傷痕,9789862745618 ,國中
舌尖上的古代中國,9789573284482 ,國中
武林正史：武林是什麼、江湖在哪？小說筆下哪些是真實、哪些是虛構？讓「歷史記載」來還原,9789869720809 ,國中
君子溫如玉,9789864015627 ,國中
少女布莉達的恩賜,9786263357020 ,國中
朕的日常：360度展示皇帝日常的爆笑劇場,9789863447603 ,國中
黑神駒,9789570487565 ,國中
租書店的女兒,9789866377716 ,國中
走吧走吧！跟世界做朋友(亞洲篇),9789869591744 ,國中
走吧走吧！跟世界做朋友(歐非洲篇),9789869591751 ,國中
走吧走吧！跟世界做朋友(美洲大洋洲篇),9789869901659 ,國中
森林報報：春天，森林裡有什麼新鮮事！,9789863598046 ,國中
森林報報：夏天，森林裡有什麼新鮮事！,9789863598060 ,國中
森林報報：秋天，森林裡有什麼新鮮事！,9789863598381 ,國中
森林報報：冬天，森林裡有什麼新鮮事！,9789863598398 ,國中
你想活出怎樣的人生？：品格形塑經典，影響日本深遠的一本書,9789861343297 ,國中
讓天賦發光,9789863207412 ,國中
晚安，布拉姆斯：給你的古典音樂入門,9789864491353 ,國中
小矮人全書,9789864594658 ,國中
那些旅行教我的事：用一趟旅行重啟生活的初心，我們終將在路上，和理想的自己相遇,9786263493001 ,國中
少年讀諸子百家1 孔子：仁的世界,9789865254667 ,國中
章魚法官的家庭法學課——法官媽媽＋律師爸爸＋搞笑兒女的「法律家庭生活幽默劇」,9786263104501 ,國中
李偉文的退休進行式,9789571373096 ,國中
50＋的自在活，健康老：李偉文的退休進行式2,9789571381442 ,國中
李偉文的退休進行式3：你好，我好，做公益與世界共好,9786263535190 ,國中
只是開玩笑，竟然變被告3：原來法律也管這些1：青少年必備的法律防身術,9786263580770 ,國中
說不完的甲骨文故事,9786267200810 ,國中
開箱臺灣史 ,9786263537033 ,國中
禁書圖書館,9789865257897 ,國中
創造自己,9789571346908 ,國中
阿提米斯1：精靈律典,9789869639651 ,國中
魯賓遜漂流記,9789863596295 ,國中
臥底身邊的科學秘密：選錯車廂，危險多出好幾倍！,9789869511582 ,國中
山居歲月：我在普羅旺斯，美好的一年,9789573329367 ,國中
日本一城一食：從戰國史秒懂十二現存天守、三大名城、五大老居城、二條城,9789869530576 ,國中
北歐眾神,9789863594079 ,國中
很高興認識你！西班牙,9789868933231 ,國中
害蟲偵探事件簿：50年防蟲專家如何偵破食品中的蟲蟲危機,9789862355732 ,國中
這不是超能力但能操控人心的魔數術學,9789862894095 ,國中
暴食江湖,9789866490170 ,國中
誰才是你真正的好朋友：如何結交正面朋友，遠離會傷害、背叛或暗算你的負面朋友,9789573279792 ,國中
機器人咬人：專家教你戰勝機器人的保命技巧,9789866973741 ,國中
寫給年輕人的古典音樂小史【暢銷漫畫Q版】：連乖戾的貝多芬都萌得不要不要，認識30位作曲大師的快樂指南,9786267084540 ,國中
酒杯裡的謀殺,9789869312585 ,國中
如果有一天，我們說再見,9789862419496 ,國中
媽媽送給青春期兒子的書,9789863713685 ,國中
山米和浪花的夏天,9789869473781 ,國中
完美特務,9789869473743 ,國中
為什麼爸媽忙著努力賺錢？,9789869544214 ,國中
窮究台灣茶,9789865071943 ,國中
繪本給你教養力,9789571376394 ,國中
偽魚販指南,9789864062867 ,國中
讓我們看雲去,9789869495905 ,國中
胖嘟嘟,9789869473798 ,國中
穿越雪山隧道,9789863597940 ,國中
看漫畫，秒懂MBTI 16型人格！,9789571383514 ,國中
麻煩小姐,9789869495936 ,國中
[中學生]晨讀10分鐘：未來媒體我看見,4717211029169 ,國中
那一夜，莫札特的門有人在敲,9789864063437 ,國中
古人解憂療鬱帖,9789570869101 ,國中
肯定自己,9789571346915 ,國中
超越自己,9789571346892 ,國中
為什麼事情做不完，你還在滑手機？心理諮商師教你，改善拖延，先從照顧情緒開始,9786263355781 ,國中
遊戲現在開始,9789575036843 ,國中
不便利的便利店,9786269593842 ,國中
不便利的便利店2,9786269673360 ,國中
聖誕小豬,9789573338017 ,國中
最後一個人,9789869743792 ,國中
開始喜歡自己的不完美：善用天賦特質，把「弱點」變「強項」，活出自信自在的人生,9786267173800 ,國中
人生難題，心理學都有解方：探究底層思維，提升心理智商，做出最佳決定的54種成功策略,9786263539761 ,國中
刺客列傳,9789866634673 ,國中
東周英雄傳 1,9789866634192 ,國中
東周英雄傳 2,9789866634208 ,國中
東周英雄傳 3,9789866634215 ,國中
那些回不去的年少時光(上),9789865723323 ,國中
那些回不去的年少時光(中),9789865723330 ,國中
那些回不去的年少時光(下),9789865723347 ,國中
擺一桌絕妙的宋朝茶席,9789571367378 ,國中
社會在走，歷史要懂：呂捷開講,9789861337814 ,國中
原來古人這麼機智：閱讀經典《智囊》故事，建立自主思辨力,9786267000830 ,國中
八尺門的辯護人,9786267054055 ,國中
跟著宋朝人過一天：知否？知否？應是綠肥紅瘦！宋代人為什麼這樣說話、那樣生活？,9789860671339 ,國中
29張當票：典當不到的人生啟發,9789861737140 ,國中
29張當票2：當舖裡特有的人生風景,9789861739007 ,國中
錢包裡的世界史：從黃金、白銀到比特幣，貨幣如何改變我們？,9789579054867 ,國中
反轉,9789573332824 ,國中
追日逐光,9789575035563 ,國中
華氏零度,9789575033910 ,國中
心中住著野孩子,9789861338644 ,國中
那18張傳票：從難解到和解，法庭中最不捨的親情選擇題,9786263054509 ,國中
歡樂宋：中國歷史上最幸福的朝代，沒去過宋朝，別說你到過人間天堂！,9789579314619 ,國中
大清盛世忙什麼：來去紫禁城打卡，體驗當皇上的日常！,9789579314855 ,國中
野生動物大聲講：動物溝通師春花媽帶你認識全球50種瀕危野生動物，聆聽動物第一手真實心聲,9786269551385 ,國中
地球生物偵查隊：生命元素上天下地大發現,9789865256012 ,國中
科學偵查隊：人體奧妙圖解百科,9789860725490 ,國中
打造小小巴菲特：贏在起跑點,9789869739085 ,國中
變身少年巴菲特：培養財富創造力：學校沒教的22堂理財課,9786269679904 ,國中
在咖啡廳遇見彼得杜拉克：跟管理大師學5個高效習慣,9786267224328 ,國中
我愛讀發明的故事,9789864792764 ,國中
大樹自然少年系列03：昆蟲Q&A,9789862165928 ,國中
山林生活教科書 男子漢的露營、野營的技藝,9789863702115 ,國中
生物課好好玩：48堂課╳12篇生物先修班，一年四季輕鬆學生物的超強課表！,9789869262361 ,國中
我的人體實用手冊：看「圖」就能懂的生命奧祕！,9789863427995 ,國中
解碼科學好好玩：改變歷史的密碼戰、加密科技、網路釣魚……結合歷史、數學、科技的跨領域學習，養成邏輯推理能力，建立網路安全觀念,9789578544819 ,國中
天才科學家的祕密大爆料：親子共讀X邊笑邊學！40篇史上最不正經的科普故事，啟發孩子科學興趣！培養超越自我的勇氣！,9789866220470 ,國中
跟著網紅老師玩科學：十分鐘搞懂數學、物理及生活科學,9789571377780 ,國中
黏黏滑滑：摩擦力與表面科學的祕密,9786263202443 ,國中
有點廢但是很有趣！日常中的科學二三事,9789571473130 ,國中
歪打正著的科學意外,9789571473123 ,國中
泡麵為什麼總是彎的？：136個廚房裡的科學謎題,9789862356692 ,國中
塗鴉學數學：以三角形打造城市、用骰子來理解經濟危機、玩井字遊戲學策略思考，24堂建構邏輯思維、貫通幾何學、破解機率陷阱、弄懂統計奧妙的數學課,9789862358313 ,國中
十月的天空：一位NASA科學家的逐夢少年歲月,9789864792269 ,國中
春風少年八家將,9789867188663 ,國中
採集人的野帳1,9789869957939 ,國中
科學偵探vs.神祕列車,9786267140710 ,國中
科學偵探vs.暴走的AI上集,9789865593254 ,國中
科學偵探vs.暴走的AI下集,9789865593261 ,國中
天堂倒著寫,9786263551565 ,國中
少年讀人類的故事1：人類為什麼可以主宰地球(人類大歷史哈拉瑞給少年的力作）,9786263551664 ,國中
少年讀人類的故事2：世界為什麼變得不公平(人類大歷史哈拉瑞給少年的力作）,9786263556669 ,國中
辛德勒名單：木箱上的男孩,9789577517319 ,國中
贏家(三版),9786267127711 ,國中
李潼短篇小說:鐵橋下的鰻魚王,9789865581558 ,國中
李潼中篇小說:藍天燈塔,9789865581541 ,國中
李潼短篇小說:鬼竹林,9789865581565 ,國中
給無法輕易絕交又想活得更自在的你：諮商心理師教你不傷人也不受傷的人際關係學,9786267329245 ,國中
小小科學人：100地球大發現,9789865535384 ,國中
小小科學人：100海洋大發現,9789864792948 ,國中
小小科學人：100科學大發現,9789864791705 ,國中
小小科學人：100數碼大發現,9789864798643 ,國中
小小科學人：100環保大發現,9789865257026 ,國中
Q版FB歷史：明朝其實很古怪,9789861469874 ,國中
圖說新古文觀止的故事(第三版) 從閱讀出發，必讀的文言文經典故事,9786263431119 ,國中
希望媽媽也能好好愛自己：一封所有女兒，都想獻給媽媽的情書,9786263580497 ,國中
暗黑童話,9789866954825 ,國中
給中學生的成長型思維,9786263056268 ,國中
變成大人前的思考練習：關於同儕、自我、夢想、學業、戀愛和家人,9786267396490 ,國中
鏡道（仙靈傳奇6－完結篇）,9786263054189 ,國中
胸口上的V：陳郁如的人生考題,9786263102835 ,國中
跨越極地山海間：阿拉斯加52日自駕行,4717211035566 ,國中
法官的日常：原來法官這樣想，你一定要知道的法律知識,4711441070465 ,國中
台灣豬，黑白切：日以繼夜的庶民美食,9786269747047 ,國中
番薯耍少林,9789864503803 ,國中
鯨魚的肚臍,9789864502646 ,國中
〈學霸才知道〉人體新鮮事,9789865261016 ,國中
超麻煩圖鑑：原來所有發明都是因為「麻煩」才開始！？：21+1個因為好麻煩而誕生的有趣發明,9789577109163 ,國中
黃阿瑪的後宮生活 貓咪超有事4-夢之船,9786267431108 ,國中
黃阿瑪的後宮生活 貓咪超有事3-貓貓美食救援計畫,9786267256312 ,國中
和食古早味：你不知道的日本料理故事,9789571364483 ,國中
改變世界：25個影響歷史文明的名人大事【科技先驅篇】,9786263532755 ,國中
改變世界：25個影響歷史文明的名人大事【典範聖賢篇】,9786263532762 ,國中
改變世界：25個影響歷史文明的名人大事【藝文人物篇】,9786263532748 ,國中
改變世界：25個影響歷史文明的名人大事【國家領袖篇】,9786263532731 ,國中
餃子與味噌：流動的日本味,9786263745254 ,國中
用九柑仔店 2：聽見發芽的聲音,9789573279525 ,國中
用九柑仔店 3：迷宮的抉擇,9789573281948 ,國中
用九柑仔店 4：夢想與現實的拋物線,9789573284123 ,國中
用九柑仔店 5：成為相互照耀的暖陽,9789573286165 ,國中
少年讀諸子百家2 孟子：燃出善的火焰,9789865254674 ,國中
少年讀諸子百家3墨子：讓天下人都相愛,9789865254681 ,國中
少年讀諸子百家4老莊：水最柔弱也最強,9789865254698 ,國中
少年讀諸子百家5荀韓：天平上的禮和法,9789865254704 ,國中
少年讀成語故事3：人物篇,9789865255558 ,國中
少年讀成語故事4：動作篇,9789865255565 ,國中
少年讀成語故事5：地理篇,9789865255572 ,國中
冒牌機器人,9789865255404 ,國中
史坎德：獨角獸竊盜者,9789571474311 ,國中
將我溫柔裝訂成冊,9786269648184 ,國中
科學實驗王 1 酸鹼中和,9789862290446 ,國中
科學實驗王 2 牛頓運動定律,9789862290620 ,國中
科學實驗王 3 光的折射與反射,9789862290729 ,國中
科學實驗王 4 光合作用與呼吸作用,9789862291061 ,國中
科學實驗王 5 電流與磁力,9789862291368 ,國中
科學實驗王 6 環保與汙染,9789862291603 ,國中
科學實驗王 7 人體的奧祕,9789862291771 ,國中
有趣的博奕論,9789866153075 ,國中
大滅絕首部曲：感染,9789869683395 ,國中
臥底哲學家的生活事件調查簿,9789570528541 ,國中
不老的菜園,9789866334184 ,國中
上癮的真相,9789867470683 ,國中
高收入的能力，學校沒教,9786267328460 ,國中
你各位的假期都是前人的血跡?,9786263572737 ,國中
看漫畫，學莊子,9789865535032 ,國中
看漫畫輕鬆學：研究發表超簡單,9786263551251 ,國中
看漫畫輕鬆學：培養自信有方法,9789865259181 ,國中
看漫畫輕鬆學：創意思考,9789865254483 ,國中
看漫畫輕鬆學：尋找夢想的工作,9786263551244 ,國中
看漫畫輕鬆學：愛上閱讀的樂趣,9786263554405 ,國中
看漫畫輕鬆學：網路使用的規則,9789864799930 ,國中
看漫畫輕鬆學：說話表達的技巧,9789865259198 ,國中
"每天寫, 重新寫, 寫到最後:《不便利的便利店》韓國百萬暢銷作家生存記",9789861344720 ,國中
不會改變的清單,9789865252526 ,國中
草蜢的幸福雜貨店,9786263550483 ,國中
在天堂遇見的下一個人,9789862139332 ,國中
撒哈拉，一片應許之地：一位人類學者的另類旅遊實踐記事,9786263354746 ,國中
古人比你更會玩2,9789571385686 ,國中
古人比你更會玩3,9786263356726 ,國中
晨讀10分鐘：運動故事集,4717211027837 ,國中
晨讀10分鐘 :放眼天下勵志文選,9789862413838 ,國中
人生沒有最好，不錯就好,9789860607581 ,國中
蟲洞書簡,9789578795198 ,國中
浩克慢遊：尋找新舊交錯的美麗,9789863442776 ,國中
人生是小小又大大的一條河：劉墉那些吃苦也像享樂的心靈故事,9789863231103 ,國中
故事東亞史1：12個奠基東亞的關鍵時刻,9786263053496 ,國中
故事東亞史2：20個改變東亞的關鍵人物,9786263053441 ,國中
早點知道就好了！改變一生的金錢觀：14歲就能學的致富習慣，學校沒教，但你一定要會,9789865068660 ,國中
亡者路邊攤,9786263791602 ,國中
和路邊的野鳥做朋友（新裝版）：超萌四格漫畫，帶你亂入很有戲的鳥類世界,9789864899517 ,國中
父親的解放日記,9786269754120 ,國中
小狐狸深夜故事集,9789865255091 ,國中
少年讀論語1：孔門弟子不簡單,9786263553798 ,國中
少年讀論語2：跟著孔子腳步走,9786263553804 ,國中
少年讀論語3：孔子都在想什麼？,9786263553811 ,國中
少年讀歷史1 ：皇帝陛下的成績單,9786263550872 ,國中
少年讀歷史2：丞相大人誰最優秀,9786263550889 ,國中
少年讀歷史3：幫大將軍打分數,9786263550896 ,國中
少年讀歷史4：大才子這一班,9786263550902 ,國中
科學破案少女1:日常生活有危機,9789864492824 ,國中
科學破案少女2:犯罪跡證在哪裡,9789864492831 ,國中
科學破案少女【重案版】1靈光乍現的線索（首刷限定版）,9789752250062 ,國中
科學破案少女【重案版】2 無所遁形的實證（首刷限定版）,9789752250079 ,國中
奇怪的生物知識增加了,9789860670929 ,國中
厲害了，我的生物,9786269637300 ,國中
"漫畫大英百科生物地科1,昆蟲與蜘蛛",9789863426288 ,國中
"漫畫大英百科生物地科2,地球",9789863426295 ,國中
"漫畫大英百科生物地科3,微生物",9789863426301 ,國中
"漫畫大英百科生物地科4,兩棲類與爬蟲類",9789863426318 ,國中
"漫畫大英百科生物地科5,潮間帶",9789863426325 ,國中
"漫畫大英百科生物地科6,天氣",9789863426820 ,國中
"漫畫大英百科生物地科8,恐龍",9789863427216 ,國中
"漫畫大英百科生物地科9,環境",9789863427179 ,國中
礦物與它們的產地 :超詳盡礦物百科!,9789864759095 ,國中
為什麼是這樣?超有趣自然生活科學圖解一點通！,9786263240407 ,國中
為什麼是這樣(第2彈)?超有趣自然生活科學圖解一點通！,9786263242265 ,國中
仰望星空的眼睛：天文望遠鏡的祕密,9789865259327 ,國中
我是知識家1：生物大驚奇,9789864796687 ,國中
我是知識家2：地球大發現,9789864796694 ,國中
我是知識家4：人體大運作,9789864797721 ,國中
我是知識家5：科學大透視,9789864797738 ,國中
我是知識家7：理化大揭密,9789864798018 ,國中
我是知識家9：科技大未來,9789864798032 ,國中
"火箭老媽,烏龜老爸 :我家,或許也是你家的故事",9789861374130 ,國中
沉默到頂：眨眼之謎,9789863382621 ,國中
馬背上的少女,9789864505944 ,國中
那一年在奶奶家,9789863382874 ,國中
我在地球的奇異旅程,9786269604005 ,國中
開著校車去流浪,9789865255978 ,國中
採集人的野帳(2-4集),9789863196044 ,國中
強風吹拂1-3,4717702230678 ,國中
強風吹拂4-6,4717702258429 ,國中
神明值日生執勤中,9789577416292 ,國中
鴨川荷爾摩,9789573324829 ,國中
科學素養練功房：工程打造酷世界,9789865255251 ,國中
科學素養練功房：科技變魔術,9789865255190 ,國中
科學素養練功房：科學驚歎號,9789865255183 ,國中
科學素養練功房：想不到的數學,9789865255206 ,國中
教室裡的理財冒險王：在賺錢、繳稅、創業、投資中，培養受用一生的財商思維,9789571474335 ,國中
我的媽媽是網紅,9786263552906,國中
漫畫今日科學：影片瀏覽破億次的科學YouTuber，帶你一次輕鬆讀懂從細胞到宇宙的趣味提問,9786263189744,國中
勇闖工研院實驗室1：生活科技的祕密基地,9789864492572,國中
青春是一首練習曲,9789864492206,國中
島山嶼海的青春-神狗少年,9789869810876,國中
人生4千個禮拜,9789860777857,國中
今天也對媽媽發火了 ,9786263743922 ,國中
2050科幻大成真,9789571376523,高中
2100科技大未來,9789571376516,高中
21世紀的21堂課,9789864795192,高中
TED TALKS 說話的力量：你可以用言語來改變自己，也改變世界 TED唯一官方版演講指南,9789862137109,高中
一件T恤的全球經濟之旅,9789862485194,高中
十六歲的哲學課,9789869051873,高中
千年房市：古人安心成家方案,9789862623206,高中
大設計：霍金十年首見卓越巨著，為生命終極問題提供最新答案,9789862132432,高中
小短腿來了！：三鐵一姐李筱瑜的鐵人之路,9789866613746,高中
少爺,9789863840626,高中
比賽，從心開始：如何建立自信、發揮潛力，學習任何技能的經典方法,9789869526357,高中
水神,9789863443162,高中
世界是平的,9789868271210,高中
臺北人,9579159882,高中
用地圖看懂世界經濟,9789861204574,高中
江湖在走，法律要懂：法律白話文小學堂,9789863232292,高中
血淚漁場：跨國直擊台灣遠洋漁業真相,9789869445139,高中
吳寶春的味覺悸動,9789571352824,高中
告白,9789571350813,高中
我在故宮修文物,9789865824815,高中
我們最幸福：北韓人民的真實生活,9789863442325,高中
那時候，我只剩下勇敢：一千一百哩太平洋屋脊步道尋回的人生,9789862356562,高中
兒子的大玩偶,9789575228217,高中
阿德勒心理學講義,9789866031687,高中
南方六帖,9789863442226,高中
南風如歌：一位日本阿嬤的台灣鄉愁,9789869051828,高中
垂釣睡眠,9574442853,高中
思考的藝術：52 個非受迫性思考錯誤,9789862722114,高中
紀律的交易者,9789867645739,高中
追風箏的孩子,9789865829803,高中
做自己的生命設計師,9789862137505,高中
做自己與別人生命中的天使,9789866745300,高中
國際觀的第一本書：看世界的方法,9789861342276,高中
崩壞國文：長安水邊多魯蛇？唐代文學與它們的作者,9789861336367,高中
從地理地名地圖了解世界史,9789869480628,高中
教養的迷思：父母的教養能不能決定孩子的人格發展？（暢銷經典版）,4717702905743,高中
斜槓青年：全球職涯新趨勢，迎接更有價值的多職人生,9789861336312,高中
深夜加油站遇見蘇格拉底,9789866782107,高中
被誤解的台灣史,9789571357287,高中
這些人，那些事,9789861333458,高中
富爸爸，窮爸爸,9789863615460,高中
最後14堂星期二的課【20週年紀念版】,9789862139028,高中
無法送達的遺書：記那些在恐怖年代失落的人,9789869109345,高中
畫仙,9789575033606,高中
超展開數學教室：數學宅×5 個問題學生，揪出日常生活裡的數學 BUG,9789862355992,高中
徬徨少年時,9789573280309,高中
溫柔的心，強大的力量,9789861335339,高中
碎琉璃,9579703787,高中
試管蜘蛛,9789573269434,高中
賈伯斯傳：Steve Jobs唯一授權（最新增訂版）,4711225316987,高中
達文西密碼,9789571373065,高中
圖解時間簡史,9789862133460,高中
漢寶德談美,9570827033,高中
臺灣史上最有梗的臺灣史,9789861372242,高中
撒哈拉歲月,9789573327578,高中
歐洲的心臟：德國如何改變自己,9789869351867,高中
窮查理的普通常識（增修版）：巴菲特50年智慧合夥人查理．蒙格的人生哲學,9789867778574,高中
誰搬走了我的乳酪,9789578038097,高中
論語不一樣：需要正能量的時代，正好讀孔子,9789869596091,高中
餐桌上的中國史,9789869531306,高中
餐桌上的語言學家：從菜單看全球飲食文化史,9789863443513,高中
瞰海：12種閱讀海洋與世界歷史的方法,9789869408882,高中
薛丁格的貓：50個改變歷史的物理學實驗,9789869483445,高中
賺錢，再自然不過,9789867645784,高中
翻譯偵探事務所：偽譯解密！台灣戒嚴時期翻譯怪象大公開,9789869205061,高中
醫生哪有這麼萌2,9789573282068,高中
羅生門,9789863841593,高中
讀古文撞到鄉民：走跳江湖欲練神功的國學秘笈,9789570848618,高中
做工的人,9789864060764,高中
飄移的起跑線,9789578787575,高中
爆料商周：上古史超譯筆記,9789865080631,高中
接棒家族,9789571090405,高中
趣味地球科學,9789865529352,高中
颱風家族,9789571088662,高中
薩哈公寓,9789864893942,高中
上一堂很有事的印尼學,9789861343488,高中
人工智慧來了,9789864792061,高中
大數據資本主義,9789864793884,高中
召喚法力：法律白話文小學堂,9789570531831,高中
誰賺走了你的咖啡錢：日常生活中的經濟賽局，臥底經濟學家完美破解,9789869800594,高中
解碼臺灣史. 1550-1720,9789573280330,高中
拒看新聞的生活藝術,9789864778010,高中
意外的國父：蔣介石、蔣經國、李登輝與現代臺灣,9789869486507,高中
哥倫布大交換：1492年以後的生物影響和文化衝擊,9789862621806,高中
舌尖上的東協─東南亞美食與蔬果植物誌：既熟悉又陌生，那些悄然融入台灣土地的南洋植物與料理,9789864084593,高中
動盪：國家如何化解危局、成功轉型？,9789571380049,高中
對決病毒最前線：從流感、炭疽病、SARS到伊波拉，資深防疫專家對抗致命傳染病的全球大冒險,9789571372372,高中
新媒體判讀力：用科學思惟讓假新聞無所遁形,9789869536769,高中
16歲開始的經濟學,9861340238,高中
大武山下,9789571382647,高中
棄貓 關於父親，我想說的事,9789571383583,高中
如果「那一天」終於來了……：侏儸紀公園開幕、全球網路斷線、海裡再也沒有魚……從政治、科技、環境分析19則虛實交錯的奇思異想,9789862358696,高中
我要上京當官：明朝一點都不鐵飯碗之公務員人生,9789865101053,高中
我，為什麼會這樣？：喜歡這些，討厭那些，從生物學、腦科學與心理學解釋我們的喜好、情緒、行為與想法，重啟一趟人類的認識之旅,9789862358429,高中
寫作過活不是夢，你也可以靠搖筆桿子吃飯！成為職業作家一定要知道的50件事,9789864453092,高中
善良的歧視主義者,9789865114824,高中
帶著校園霸凌記憶長大的我們: 致當年那些加害者們,9789863844532,高中
垃圾與它們的產地：為什麼99%的東西半年後都被丟棄？,9789571375748,高中
西班牙很有事：暢銷小說家貝雷茲―雷維特有笑又有料的西班牙史,9789864894116,高中
圖表會說謊：圖表設計大師教你如何揪出圖表中的魔鬼，不再受扭曲資訊操弄,9789864779222,高中
最有梗的單位教室,9789575035525,高中
懂得藏起厭惡，也能掏出真心：30堂蹺不掉的社會課,9789861755632,高中
誰說不能從武俠學數學？,9789571383347,高中
重逢咖啡館,9789861337067,高中
正義教室: 史上最強的公民與社會課!,9789576583865,高中
地圖會說謊: AI世代一定要了解的地圖判讀與空間認知能力,9789570856040,高中
十大歷史謎團,9789863873440,高中
What The 法：法律誰說了算？若你是法官，你會怎麼判？,9789571385297,高中
法律不難、官司不煩！,9789863711803,高中
當心！孩子一不小心就觸法：專業律師親授預防孩子誤闖法律禁區的33堂課,9789869939348,高中
選舉，不是你想的那樣,9789570530254,高中
從台灣諺語看台灣歷史,9789867375117,高中
小說課之王-折磨讀者的秘密,9789864799305,高中
魏晉有美男,9789576581014,高中
就怕平庸成為你人生的註解,9789864799824,高中
青春微素養：36個通往更理想自己的基本功,9789575036164,高中
以文學發聲：走過時代轉折的臺灣前輩文人,9789862941751,高中
百年降生：1900-2000臺灣文學故事,9789570851649,高中
反轉地球暖化100招,9789570852363,高中
人生難免會有傷：六個療癒步驟，揮別創傷、圓滿自己,9789861754352,高中
漂離的伊甸（新版）,9789577412263,高中
三體（華人第一人雨果獎得主）,9789861206066,高中
自主學習成就解鎖：帶你找到最想學、打造獨有學習歷程,9789575036836,高中
接受不完美的勇氣-阿德勒100句人生革命,9789573275701,高中
倒風內海 (26週年典藏版),9789862942758,高中
超無厘頭經濟學：從偶像、遊戲、殺人事件學會25個財經入門知識,9789865408510,高中
歡迎光臨夢境百貨,9789869924467,高中
化學有多重要，為什麼我從來不知道？,9789864778942,高中
厭世國文教室：古文青生涯檔案,9789861373058,高中
《宋詞背後的祕密（生活中的國文課1）》,9789866006814,高中
《三國背後的祕密（生活中的國文課2）》,9789578567245,高中
《孔子和他學生的故事（生活中的國文課3）》,9789578567337,高中
波的科學：細數那些在我們四周的波,9789862624234,高中
原來食物這樣煮才好吃,9789570858501,高中
呼喚奇蹟的光,9789571370323,高中
項塔蘭,9789866807305,高中
日本奧地紀行,9789578630642,高中
複眼人,9789865824631,高中
傾城之戀【張愛玲百歲誕辰紀念版】,9789573335139,高中
原子習慣,9789861755267,高中
瘟疫,9789861785400,高中
玫瑰的名字,9789573330608,高中
姑獲鳥之夏,9789866954610,高中
憶往述懷：我的司法人生,9789573289975,高中
我是遺物整理師,9789865080877,高中
比句點更悲傷,9789864061686,高中
人生實用商學院：誰偷了你的錢？,9789571391274,高中
成為我自己：歐文．亞隆回憶錄,9789863571124,高中
性命出售,9789861784649,高中
動物農莊,9574591611,高中
人類大歷史：知識漫畫1 人類誕生,9789865535810,高中
教室外的公民課：從思辨、對話到公民行動的啟蒙,9789863594321,高中
夢想微微疼,9789573288237,高中
我家住在張日興隔壁,9789864062096,高中
老屋顏與鐵窗花：被遺忘的「台灣元素」——承載台灣傳統文化、世代歷史、民居生活的人情風景,9789865509446,高中
前男友的遺書,9789577414731 ,高中
天鵝與蝙蝠,9789573338413 ,高中
讓感受自由,9789863988038 ,高中
走進布農的山,9789865562540 ,高中
戰鬥吧！成語：歡迎登入厭世國文伺服器,9789576587252 ,高中
不能只有我看到！臺灣史上的小人物大有事,9789861337685 ,高中
尋食記：鞭神老師的超時空台灣美食,9789573293385 ,高中
朕來了！皇帝尬聊室：坐過龍椅的都來_宇宙第一群,9789863846277 ,高中
古人原來很會過日子：從衣食住行到婚戀職場，古人自有好辦法！,9786263101586 ,高中
有趣到睡不著的天文學：黑洞的真面目是什麼？,9789869953283 ,高中
有趣到睡不著的自然科學：沒有芯的蠟燭也能燒？,9789869901680 ,高中
如何避免下一場大流行病,9789863987635 ,高中
有趣到睡不著的植物學：花朵占卜有必勝法？,9789869953207 ,高中
有趣到睡不著的地球科學：變成化石沒那麼簡單？,9789860633931 ,高中
公民不盲從,9786263102422 ,高中
法律歸法律？,9786263353428 ,高中
上法院這檔事,9789869797931 ,高中
寫給公民的40堂思辨課,9789865596583 ,高中
真希望老師這樣教經濟,9789866037351 ,高中
不敗學習力：學霸都在用的10大聰明讀書法,9789865254049 ,高中
連卡內基也佩服的7堂超溫暖說話課,9789869593045 ,高中
用故事教孩子邏輯思考力,9789864892518 ,高中
"看故事, 學寫作 1: 靈感篇",9789865251758 ,高中
起床後的黃金1小時,9789862357613 ,高中
刻意練習,9789861754604 ,高中
墨菲定律：如果有可能出錯，那就一定會出錯！,9786267046050 ,高中
第九味,9789570844115 ,高中
變形記,9789861203416 ,高中
傍晚五點十五分,9789571381817 ,高中
52則非知不可的古典音樂學概念,9789571194318 ,高中
23.97的海洋哲思課,9789864492060 ,高中
藝術史的一千零一夜,9789579072229 ,高中
剛剛好的優雅,9789573295310 ,高中
翻過來看世界,9789576939150 ,高中
原來大腦可以這樣練：提升學習抗壓力，成功者的大腦運動訓練課程,9789571395845 ,高中
我不是教你詐1：一般日常處世,9789571348926 ,高中
正向聚焦,9789575036492 ,高中
說不出口的，更需要被聽懂,9789573293378 ,高中
公民可以很有事,9786263051034 ,高中
公主走進黑森林,9789863571001 ,高中
小國也可以偉大 :我在奧地利生活學習的第一手觀察,9789861336497 ,高中
寄生上流：原著劇本+162幕分鏡圖電影套書,9789869732673 ,高中
致富心態: 關於財富、貪婪與幸福的20堂理財課,9789865250348 ,高中
你是誰，比你做什麼更重要,9789865535216 ,高中
綠色精神,9789860763867 ,高中
我的野蠻室友,9789864778997 ,高中
沒有媽媽的超市,9786269589333 ,高中
我的心，我的眼，看見台灣,9789861334691 ,高中
誰說只是約會，你就不用懂法律？,9789573299349 ,高中
疫情世代,9786263535626 ,高中
後青春幸福相談室,9786263610910 ,高中
原來法律跟我想的不同,9786269684694 ,高中
家事法官沒告訴你的事,9789865102272 ,高中
我是對的！為什麼我不快樂？,9786267219072 ,高中
青春正效應,9789864796908 ,高中
原力效應,9786269602582 ,高中
世界第一簡單CPU,9789869250719 ,高中
世界第一簡單密碼學,9789865408114 ,高中
菜市場政治學EP2：民主方舟,9786269564651 ,高中
我在環島的路上,9786267156360 ,高中
鏡之孤城,9789573333913 ,高中
美國後巷,9786263535039 ,高中
越過人生的刀鋒：金庸筆下的女子,9786267182116 ,高中
文豪酒癮診斷書,9789570861341 ,高中
慢食天下,9789869873758 ,高中
文學原來這麼有趣：顛覆傳統教學的18堂文學課,9786263662872 ,高中
聽見宋朝好聲音,9789571370156 ,高中
為什麼古人這樣說：《一柱香到底有多久？》,9789578567221 ,高中
抓住一個春天（永恆青春版）,9789570869767 ,高中
這個詞，原來是這個意思【全新修訂精選輯365+1】,9786263101487 ,高中
有趣到睡不著的化學,9789869901673 ,高中
最有梗的科學法則：加賀君與他的科學定律小伙伴,9786263055506 ,高中
天才或怪咖？改變世界的數學家圖鑑,9786263054851 ,高中
有趣到睡不著的生物學,9786263494077 ,高中
園藝の趣味科學：超過300張示範圖，園藝專家不失敗的107個種植法則,9789865683887 ,高中
接單人生,9789860769715 ,高中
品味，從知識開始：日本設計天王打造百億暢銷品牌的美學思考術,9789571398921 ,高中
古人的穿越日記1：愛說鬼故事的蒲松齡來到現代,9786269706280 ,高中
半生緣,9789573335320 ,高中
四維街一號,9786267236482 ,高中
GAME ON！周思齊的九局下半：棒球教會我的那些事,9789864776351 ,高中
富小孩與窮小孩：給現代青少年的24堂財務思維課,9789576586545 ,高中
用漫畫輕鬆讀懂阿德勒職場勇氣心理學,9789861372075 ,高中
射箭—邁向卓越,9789571188980 ,高中
超獵奇！人體動物圖鑑①烏龜的殼其實是肋骨,9789576584435 ,高中
割腕的誘惑：停止自我傷害,9867574109 ,高中
蘇菲的世界,9789863594802 ,高中
苦雨之地,9789869689274 ,高中
藍屋子,9789570856767 ,高中
 改變人類文明的12座時鐘,9789573293705 ,高中
異鄉人【張愛玲百歲誕辰紀念版】,9789861735450 ,高中
社會學超圖解：古今76名家x135概念，400幅可愛漫畫秒懂社會學，活出獨一無二的自我,9789863844112 ,高中
我們為什麼要讀書？為什麼要工作？,9789865079574 ,高中
臺灣歷史地圖增訂版,9789860552744 ,高中
餐桌上的偽科學:加州大學醫學院教授破解上百種健康謠言和深入人心的醫學迷思,9789869530644 ,高中
婦人王氏之死,9786263741058 ,高中
強風吹拂,9789865956523 ,高中
阿德勒的自卑與超越(3版),9789863925187 ,高中
句句有梗的西洋藝術小史,9786267084069 ,高中
在寂寞的夜裡提起筆,9789861374444 ,高中
古人的想法真奇怪：52個有趣提問，串起古人的世界觀、人生觀、價值觀,9786267334805 ,高中
受傷的孩子和壞掉的大人,9789861336404 ,高中
比打工度假更重要的11件事：出國前先給自己這份人生問卷,9789861792965 ,高中
世界第一簡單 電學原理,9789577769862 ,高中
人類大宇宙,9789573297741 ,高中
黑潮震盪,9789863849933 ,高中
醫療不思議,9789863449133,高中
失智症世界的旅行指南,9789864897360 ,高中
如果這是一個人,9789869705417 ,高中
送禮的藝術：從特洛伊木馬到動物園熊貓，50件外交禮物背後的世界史,9786267052891 ,高中
實習醫生的祕密手記,9789864061600 ,高中
堂吉訶德(上),9789570861105 ,高中
"寫給一般人的......藝術,先知道這些就好",9786267442722 ,高中
實用與娛樂、奢侈與消費：臺灣百貨公司文化的流變,9786267462089 ,高中
"在不完美的生活裡,找到完整的自己",9789576584190 ,高中
 濃霧特報,9789864505302 ,高中
人間有味是清歡：東坡肉、元脩菜、真一酒，蘇軾的飲食生命史,9789570534269 ,高中
土耳其手繪旅行,9789570828726 ,高中
多一法則：破解吸引力法則，打造原子心態，迎接複利人生的幸福指引,9786267240403 ,高中
一九八四,9789573270126 ,高中
預見熟年的自己：老後自在的生活法律,9789576586309 ,高中
幸福了，然後呢？：你該知道的家事法律,9789576586293 ,高中
我們為什麼要賺錢？為什麼要存錢？,9786263495715 ,高中
早稻田大學最有趣的經濟學聊天課,9789863849223 ,高中
一不小心就坐牢,9786263964075 ,高中
不當世界的局外人,9789861374277 ,高中
天才的習慣,9786267361412 ,高中
世界原來離我們這麼近：SDGs愛地球行動指南,9786267224311 ,高中
世界第一簡單機器學習,9789578799707 ,高中
世界第一簡單數位電路,9789865779719 ,高中
如何停止憂慮開創人生,9789863168966 ,高中
蒼蠅效應,9786267181799 ,高中
古希臘羅馬人原來這樣過日子：裸體雕像、胖胖角鬥士和戰象，令人拍案叫絕的古典時代真相,9786263106741 ,高中
毒藥的滋味：11種致命分子與使用它們的凶手,9786267442609 ,高中
世界最奇妙的學問研究：小至日常生活都值得細心研究， 一起來看難以想像的有趣學問！,9786263208544 ,高中
一日一國家，世界地圖全解讀：每天1分鐘，掌握全球212國！地理位置×歷史脈絡×國際情勢，培養國際觀最佳入門書,9789861306308 ,高中
六頂思考帽 （全新修訂版）：思考大師狄波諾改變全世界的創新思維工具,9786267252642 ,高中
化學課,9789864896691 ,高中
藥師謀殺案,9789577419064 ,高中
臺灣潮人誌：8位舉足輕重的臺灣造局者，有哪些與眾不同的前瞻永續眼光、不同的「潮」,9786263106901 ,高中
韓味：剖開韓國人的胃，看透韓國的社會,9786269793440 ,高中
真正的快樂處方：瑞典國民書！腦科學實證的健康生活提案,9789861372952 ,高中
餐桌上的臺灣史： 歷經荷蘭、明清、日治到民國，是什麼形塑了臺灣味？,9786267182888 ,高中
讀懂古人的痛，就能跳過現代的坑：史上最潮的國學經典,9789861339320 ,高中
人類大歷史 :從野獸到扮演上帝,9789865258900 ,高中
Yo! Yes?,9780439921855,國小低年級
David Goes to School,9780439321716,國小低年級
"Blue hat, green hat",9780671493202,國小低年級
10 things I can do to help my  world,9780763659196,國小低年級
"Thank You, Mr. Panda",9781444927856,國小低年級
Five Little Ducks,9780735818576,國小低年級
Lemons Are Not Red,9781596431959,國小低年級
The Very Hungry Caterpillar,9780141380933,國小低年級
The Foot Book,9780553536300,國小低年級
"When Sophie Gets Angry-Really, Really Angry...",9780439598453,國小低年級
One,9780972394642,國小低年級
"Does a Kangaroo Have a Mother, Too?",9780064436427,國小低年級
My Very First Book of Food,9780399247477,國小低年級
Olivia and the Fairy Princesses,9781442450271,國小低年級
Z Is for Moose,9780060799847,國小低年級
10 SEEDS,9781849392518,國小低年級
Are You My Mother?,0001713221,國小低年級
The VERY Impatient Caterpillar,9781338289411,國小低年級
I'm the Biggest Thing in the OCEAN,9780803735293,國小低年級
PIG OUT!,9780448412948,國小低年級
Itʼs Okay to Make Mistakes,9780545801300,國小低年級
Itʼs Okay to Be Different,9780316043472,國小低年級
Number One Sam,9780545918091,國小低年級
WeʼVe Got The Whole World In Our Hands,9781338177367,國小低年級
Five Little Monkeys Jumping On the Bed,9780590994590,國小低年級
Food for Thought,9789810907488,國小低年級
Alphabet City,0670856312,國小低年級
Quack and Count,9780439211697,國小低年級
One hunter,9780688065225,國小低年級
"What comes in 2s, 3s, & 4s",0590478389,國小低年級
Hello Penguin,9781338261882,國小低年級
"Dive, Dolphin",9781426324406,國小低年級
At the beach,9781561455836,國小低年級
Hooray for Fish!,9781406301564,國小低年級
Bear and Hare: Where's Bear?,9781447273950,國小低年級
Not a box,9780061994425,國小低年級
Sheep in a Jeep,9780395470305,國小低年級
I went walking,0152380116,國小低年級
Washing Line,9781406310764,國小低年級
1-2-3 peas,9781442445512,國小低年級
Have  you seen my cat?,9780689803789,國小低年級
Me and my family tree,0439184665,國小中年級
From Head to Toe,9780064435963,國小中年級
Bear Hunt,9780141331591,國小中年級
The Crocodile and the Dentist,0590677314,國小中年級
"Bark, George",9780062051851,國小中年級
Guess How Much I Love You,9781406319262,國小中年級
The Day You Begin,9780399246531,國小中年級
I Don't Want Curly Hair!,9781408868409,國小中年級
The Truth According to Arthur,9781408864999,國小中年級
So Much!,9781406390728,國小中年級
The Pigeon Wants A Puppy,9781423109600,國小中年級
PLANTS,9781426326943,國小中年級
My Friends,9780811847865,國小中年級
Spring is Here,9780811823319,國小中年級
I'm the Best,9781406329650,國小中年級
The Doorbell Rang,9780688092344,國小中年級
The Thankful Book,9780316181013,國小中年級
The Carrot Seed,9780694004928,國小中年級
I Wish I Were a Dog,9780749738037,國小中年級
My Green Day,9781406330014,國小中年級
Pardon? said the giraffe,9781406321043,國小中年級
The Family Book,9781338118728,國小中年級
My Colorful Chameleon,9781784939380,國小中年級
Seasons,9781133492740,國小中年級
What a Wonderful World,9781627792561,國小中年級
Monkey Puzzle,9781509815234,國小中年級
We Are in a Book,9781423133087,國小中年級
Because I'm Your Dad,9781484726617,國小中年級
Penguin and Pinecone a friendship day,9780545552929,國小中年級
No,9781846434174,國小中年級
Snail and Turtle are Friends,9555717700107,國小中年級
Today is Monday,9780399236051,國小中年級
Quick as a Cricket,0590469002,國小中年級
I hate English,9780590423045,國小高年級
the gruffalo,9781509815128,國小高年級
Click clack moo cows that type,9780689832130,國小高年級
A bad case of stripes,0439079551,國小高年級
Piggybook,9781406313284,國小高年級
Giving Tree,9780060256654,國小高年級
Who Eats What? Food Chains and Food Webs,9780062382115,國小高年級
Willy the Dreamer,0744569648,國小高年級
This is the way we go to school; A book about children around the world,9780590431620,國小高年級
His Royal Tinyness: A Terrible True Story,9781406379853,國小高年級
"Just Ask! Be Different, Be Brave, Be You",9780525514121,國小高年級
The Sad Little Fact,9780525581796,國小高年級
ROBOTS,9781426313455,國小高年級
Malala's Magic Pencil,9780316319577,國小高年級
EARTH! My First 4.54 Billion Years,9781250108081,國小高年級
Calvin Can't Fly：the Story of a Bookworm Birdie,9781402773235,國小高年級
ABC Mindful Me,9781338503272,國小高年級
Love You forever,9781770859654,國小高年級
Chocolatina,0439635926,國小高年級
Henny Penny,9788955788730,國小高年級
The Shark in the Dark,9780230707351,國小高年級
Wolf,0439291607,國小高年級
Frog and Toad are friends,9780060267889,國小高年級
Officer Buckle and Gloria,9780399226168,國小高年級
Night Sky,9781338212006,國小高年級
Abraham Lincoln,9781426321627,國小高年級
The watcher,9780375867743,國小高年級
The Very Hungry Bear,9789810746377,國小高年級
The Snail and the Whale,1405050535,國小高年級
Frida,9780439678452,國小高年級
My Dog is as Smelly as Dirty Socks and Other Funny Family Portraits,9780307930897,國小高年級
Seven Blind Mice,9780698118959,國小高年級
Owl babies,9780763617103,國小高年級
How Santa Got His Job,0689846681,國小高年級
"Can't you sleep, Little Bear?",9781406352849,國小高年級
Voices in the Park,9780552545648,國小高年級